date,nav
2018-01-02,0.9986327219401155
2018-01-03,1.0096488887118638
2018-01-04,1.016754923472305
2018-01-05,1.0173804855682644
2018-01-08,1.0063580454019359
2018-01-09,0.99756387404323
2018-01-10,0.9908146251198542
2018-01-11,0.9977097307633989
2018-01-12,1.0081741889272584
2018-01-15,1.0148770973673005
2018-01-16,1.0233095094661562
2018-01-17,1.0238218260032408
2018-01-18,1.02112605789638
2018-01-19,1.0149012785434093
2018-01-22,1.0174111103095043
2018-01-23,1.0149720410583307
2018-01-24,1.02106791935342
2018-01-25,1.0128030257061549
2018-01-26,1.0153279689942833
2018-01-29,1.0264396706577443
2018-01-30,1.015912338999395
2018-01-31,1.0179428828035737
2018-02-01,1.0148927591294417
2018-02-02,1.0139932448926265
2018-02-05,1.0019417435489757
2018-02-06,0.9395147125652257
2018-02-07,0.96177490551399
2018-02-08,0.9557194654181675
2018-02-09,0.9432051624140221
2018-02-12,0.9425088806784286
2018-02-21,0.9720207334226002
2018-02-22,0.9806717953210347
2018-02-23,0.9893665645606322
2018-02-26,0.9959731068544987
2018-02-27,0.9970273414287639
2018-03-01,0.9986799531825884
2018-03-02,1.0001077234901787
2018-03-05,0.9967016036928914
2018-03-06,1.006432795922745
2018-03-07,1.0085260123130768
2018-03-08,1.0158927489905656
2018-03-09,1.0196527467589835
2018-03-12,1.0205169371206033
2018-03-13,1.0295689135102017
2018-03-14,1.0303417163479627
2018-03-15,1.0376956068135235
2018-03-16,1.0342705959482987
2018-03-19,1.03282259620332
2018-03-20,1.0380870500826487
2018-03-21,1.0418789484238207
2018-03-22,1.0301768895922312
2018-03-23,1.017987990028587
2018-03-26,1.0260184531535061
2018-03-27,1.0324772672251459
2018-03-28,1.0339957181308013
2018-03-29,1.0316455269560576
2018-03-30,1.0337584187788078
2018-03-31,1.0424983348622967
2018-04-02,1.039792823001507
2018-04-03,1.045211724498279
2018-04-09,1.0535034590627217
2018-04-10,1.0315169861963371
2018-04-11,1.0267052862512165
2018-04-12,1.0188006685210889
2018-04-13,1.0061284452037127
2018-04-16,0.9981771333962506
2018-04-17,0.9850178381202093
2018-04-18,0.9973092335086762
2018-04-19,1.0090908961204335
2018-04-20,1.0006141008089733
2018-04-23,0.9982246646384388
2018-04-24,0.973367150730497
2018-04-25,0.985572031576925
2018-04-26,0.9556748181773362
2018-04-27,0.9704078361623304
2018-04-30,0.980326331014015
2018-05-02,0.9773160778251133
2018-05-03,0.973391190547614
2018-05-04,0.9674633902129068
2018-05-07,0.9768630040917851
2018-05-08,0.9790344398602709
2018-05-09,0.9791302727216007
2018-05-10,0.9829618863679347
2018-05-11,0.9761594425326123
2018-05-14,0.9822434361359786
2018-05-15,0.9774203761649621
2018-05-16,0.9789900596030252
2018-05-17,0.9710611587789079
2018-05-18,0.9704026104360127
2018-05-21,0.9758981603365331
2018-05-22,0.9719122474058914
2018-05-23,0.9702484047420433
2018-05-24,0.9721139629284744
2018-05-25,0.9702639071402305
2018-05-28,0.9781827903738898
2018-05-29,0.9806938043884166
2018-05-30,0.9811609243323712
2018-05-31,0.9874045659922531
2018-06-01,0.9954233209923852
2018-06-04,1.0038840946368242
2018-06-05,0.9950796951074699
2018-06-06,1.0108317878277189
2018-06-07,1.0107347016657184
2018-06-08,1.0091978600881466
2018-06-11,1.0199016771639884
2018-06-12,1.025561938494099
2018-06-13,1.0149920332825833
2018-06-14,1.0088202768578596
2018-06-15,1.011031539275971
2018-06-19,1.0035685582262024
2018-06-20,0.9855858910473673
2018-06-21,0.99529355424166
2018-06-22,0.9872429761893496
2018-06-25,0.984676237618216
2018-06-26,0.9836153331400787
2018-06-27,0.9884914647467498
2018-06-28,0.98131838306067
2018-06-29,0.9872369663880584
2018-07-02,0.9837226442928816
2018-07-03,0.9650831709662313
2018-07-04,0.9612384251411183
2018-07-05,0.9464014514455972
2018-07-06,0.9510337608854211
2018-07-09,0.9501292842365159
2018-07-10,0.9648660947415016
2018-07-11,0.9544426604645064
2018-07-12,0.9652122516530341
2018-07-13,0.9715910327143169
2018-07-16,0.9753179686782245
2018-07-17,0.9683104248289355
2018-07-18,0.9568140517079813
2018-07-19,0.9583239561807104
2018-07-20,0.9457605543216933
2018-07-23,0.9408826992328074
2018-07-24,0.9486382378047642
2018-07-25,0.9496843370347738
2018-07-26,0.957374865072677
2018-07-27,0.9613625183502901
2018-07-30,0.9469922807159257
2018-07-31,0.951151980087462
2018-08-01,0.9560804700753308
2018-08-02,0.9434411226549982
2018-08-03,0.9487349395009861
2018-08-06,0.9533477179638349
2018-08-07,0.9538146724978371
2018-08-08,0.949728443847165
2018-08-09,0.9475197231247869
2018-08-10,0.938383311953393
2018-08-13,0.9037781318917846
2018-08-14,0.9167478758384316
2018-08-15,0.9073390106089012
2018-08-16,0.9111390046385109
2018-08-17,0.9080233294008365
2018-08-20,0.8991646408279528
2018-08-21,0.9087510535889027
2018-08-22,0.9097273331304274
2018-08-23,0.9078038132426415
2018-08-24,0.9058849015311182
2018-08-27,0.9197804965021987
2018-08-28,0.9188080487482534
2018-08-29,0.924573011531592
2018-08-30,0.9262003545808607
2018-08-31,0.930965821467404
2018-09-03,0.915108873667055
2018-09-04,0.9185050054613081
2018-09-05,0.9119631267497542
2018-09-06,0.9101977066859247
2018-09-07,0.8951351842516776
2018-09-10,0.8824619259363491
2018-09-11,0.8900519786929659
2018-09-12,0.8872352915298859
2018-09-13,0.8902717806444147
2018-09-14,0.8955733157676972
2018-09-17,0.8939393980055211
2018-09-18,0.8849299742346963
2018-09-19,0.8917781201483328
2018-09-20,0.8901457395350699
2018-09-21,0.903943534323509
2018-09-25,0.9098545482244886
2018-09-26,0.9029770279572165
2018-09-27,0.9011841724497871
2018-09-28,0.9005091217728945
2018-10-01,0.9034594352638341
2018-10-02,0.8998896171299233
2018-10-03,0.8891908198812098
2018-10-04,0.884438978478404
2018-10-05,0.8624609376698865
2018-10-08,0.8549438394932516
2018-10-09,0.849697456997724
2018-10-11,0.791351866095714
2018-10-12,0.8105876016379701
2018-10-15,0.8077748611993324
2018-10-16,0.8130829339167085
2018-10-17,0.8149045472878137
2018-10-18,0.8113155144001912
2018-10-19,0.8055843058403659
2018-10-22,0.8166553627792346
2018-10-23,0.8047295216842769
2018-10-24,0.8049629225762521
2018-10-25,0.7811468222923924
2018-10-26,0.7702210772999141
2018-10-29,0.7655315435875885
2018-10-30,0.7634360558145911
2018-10-31,0.7806393350716296
2018-11-01,0.7883567749085992
2018-11-02,0.7850728662954607
2018-11-05,0.7863871063732069
2018-11-06,0.7806548002850798
2018-11-07,0.7906467885925843
2018-11-08,0.7871856287543524
2018-11-09,0.8020138947084211
2018-11-12,0.8028128060612566
2018-11-13,0.809617920764872
2018-11-14,0.8038309356589342
2018-11-15,0.8063200665936205
2018-11-16,0.813072554785683
2018-11-19,0.8291459996068723
2018-11-20,0.8255150961203899
2018-11-21,0.8188040865975569
2018-11-22,0.8095176532802981
2018-11-23,0.8005247204154999
2018-11-26,0.8074010114041358
2018-11-27,0.8112169747308808
2018-11-28,0.8108136553632115
2018-11-29,0.817356852011451
2018-11-30,0.8333164959970477
2018-12-03,0.8348686480594036
2018-12-04,0.841853302259482
2018-12-05,0.8350724490709783
2018-12-06,0.8048201809167279
2018-12-07,0.8194749286098096
2018-12-10,0.8069232584453432
2018-12-11,0.816060749932893
2018-12-12,0.8277892531066433
2018-12-13,0.8311662671147195
2018-12-14,0.8227486311724734
2018-12-17,0.8216740005728548
2018-12-18,0.812318519516463
2018-12-19,0.8067310728416754
2018-12-20,0.7923399717634091
2018-12-21,0.8007705889521383
2018-12-22,0.795915871951557
2018-12-24,0.8058327348675096
2018-12-25,0.7941166327629103
2018-12-26,0.7847883563411526
2018-12-27,0.7947141977050836
2018-12-28,0.7940561507836696
2019-01-02,0.790706613823891
2019-01-03,0.7904800148178179
2019-01-04,0.7874376305186648
2019-01-07,0.7900189185405464
2019-01-08,0.7901650677452505
2019-01-09,0.7893736527295228
2019-01-10,0.7889387766050932
2019-01-11,0.7891278079110849
2019-01-14,0.7885261479062461
2019-01-15,0.7900422572616976
2019-01-16,0.7894521051174497
2019-01-17,0.7875058759003933
2019-01-18,0.7891728605637871
2019-01-21,0.7902418112340219
2019-01-22,0.7892209545763162
2019-01-23,0.7904738226098098
2019-01-24,0.7928293521111565
2019-01-25,0.7962283115438625
2019-01-28,0.7979043271136111
2019-01-29,0.7971573349975039
2019-01-30,0.7977955967590906
2019-02-11,0.7963797533574184
2019-02-12,0.8048638155512694
2019-02-13,0.8050903979499355
2019-02-14,0.8085167527818313
2019-02-15,0.7993104302037468
2019-02-18,0.8010206990441858
2019-02-19,0.8030157417083795
2019-02-20,0.8107168385920009
2019-02-21,0.8110530150867488
2019-02-22,0.8099393193037449
2019-02-25,0.8108610169587132
2019-02-26,0.8025297163216163
2019-02-27,0.8000760209746876
2019-03-04,0.8079091354550817
2019-03-05,0.8093848169477804
2019-03-06,0.8102141234626129
2019-03-07,0.7969101590861515
2019-03-08,0.8017334779844215
2019-03-11,0.8103402175115537
2019-03-12,0.8167746630262187
2019-03-13,0.8205530876541911
2019-03-14,0.8199718167095127
2019-03-15,0.8300422162655697
2019-03-18,0.8474972494860626
2019-03-19,0.840989031455554
2019-03-20,0.848901743798216
2019-03-21,0.8606343704952816
2019-03-22,0.8516033448568461
2019-03-25,0.8396049551840836
2019-03-26,0.8500507820751699
2019-03-27,0.8474825628171819
2019-03-28,0.8489549042248962
2019-03-29,0.8497020284240213
2019-04-01,0.848359278419782
2019-04-02,0.855598022611292
2019-04-03,0.8570201052889248
2019-04-08,0.8639343860465372
2019-04-09,0.8576671849411532
2019-04-10,0.8553010362257172
2019-04-11,0.8521741082023865
2019-04-12,0.8451116248965326
2019-04-15,0.8570838321199188
2019-04-16,0.8611951837285894
2019-04-17,0.8593149022424701
2019-04-18,0.8461692712353058
2019-04-19,0.8433016216926369
2019-04-22,0.8454355052041271
2019-04-23,0.8303658870236504
2019-04-24,0.8372057597559738
2019-04-25,0.8342852278333586
2019-04-26,0.8180794974196441
2019-04-29,0.8001309829643527
2019-04-30,0.8137341036127922
2019-05-02,0.8214120670550208
2019-05-03,0.8244088923148082
2019-05-06,0.8030854272383249
2019-05-07,0.8129383129008851
2019-05-08,0.8164926976941945
2019-05-09,0.7982572313469193
2019-05-10,0.7958755226415264
2019-05-13,0.7965862024334148
2019-05-14,0.8042866286507004
2019-05-15,0.8158949237839619
2019-05-16,0.8056150772595883
2019-05-17,0.792815757123064
2019-05-20,0.7819684258928835
2019-05-21,0.7934797572546762
2019-05-22,0.7928708784148497
2019-05-23,0.7810903919978429
2019-05-24,0.7858244828903378
2019-05-27,0.7884495352579061
2019-05-28,0.7920715940096347
2019-05-29,0.7906547102416361
2019-05-30,0.7952533600441983
2019-05-31,0.8007511305505914
2019-06-03,0.7902381775365598
2019-06-04,0.7860938506248594
2019-06-05,0.7867363055961293
2019-06-06,0.7911769245740276
2019-06-10,0.8056741896895208
2019-06-11,0.8012396161713056
2019-06-12,0.8081842358143563
2019-06-13,0.805966878177114
2019-06-14,0.8077728723889416
2019-06-17,0.8158661655326156
2019-06-18,0.8073239873219131
2019-06-19,0.8222919376241076
2019-06-20,0.8291163200837722
2019-06-21,0.821991817733759
2019-06-24,0.8269233390247126
2019-06-25,0.8145678126692357
2019-06-26,0.825666565413436
2019-06-27,0.8252656441381301
2019-06-28,0.8275704029463493
2019-07-01,0.8415536747367991
2019-07-02,0.844717749428767
2019-07-03,0.8359391918082827
2019-07-04,0.8349255928746914
2019-07-05,0.8422446273134588
2019-07-08,0.8447822569843397
2019-07-09,0.8396237869785754
2019-07-10,0.8435218572503158
2019-07-11,0.8431188658905601
2019-07-12,0.8553890704580079
2019-07-15,0.871570315109198
2019-07-16,0.8730119286217037
2019-07-17,0.8738792371979871
2019-07-18,0.872115189871797
2019-07-19,0.8779853078113506
2019-07-22,0.8809114121424189
2019-07-23,0.8702770994311928
2019-07-24,0.8743101482236101
2019-07-25,0.883157072442065
2019-07-26,0.8810954216438219
2019-07-29,0.8815102879295799
2019-07-30,0.8609376102655255
2019-07-31,0.8719213705312127
2019-08-01,0.8846212260229671
2019-08-02,0.8678759827139919
2019-08-05,0.8445726282622037
2019-08-06,0.855688957923612
2019-08-07,0.8651692108513855
2019-08-08,0.8855585617828386
2019-08-12,0.8881050568540937
2019-08-13,0.8794568595946723
2019-08-14,0.8834751517787328
2019-08-15,0.8821497136492906
2019-08-16,0.8944143542054532
2019-08-19,0.8976326326931868
2019-08-20,0.9045818857724344
2019-08-21,0.9043767966993765
2019-08-22,0.9128076683656805
2019-08-23,0.9087337157137862
2019-08-26,0.8901332977307286
2019-08-27,0.9086597000761553
2019-08-28,0.9131101938708914
2019-08-29,0.9195816748731138
2019-08-30,0.9203990241137634
2019-09-02,0.9299939486517917
2019-09-03,0.9305060745302242
2019-09-04,0.9599647898921191
2019-09-05,0.9466606516136163
2019-09-06,0.939250668600539
2019-09-09,0.941060593833827
2019-09-10,0.925763176630105
2019-09-11,0.9300209561608054
2019-09-12,0.927941983811672
2019-09-16,0.9185808996227632
2019-09-17,0.9227351022588297
2019-09-18,0.9286145577043917
2019-09-19,0.9311715239120997
2019-09-20,0.9383369312360045
2019-09-23,0.9449116921542097
2019-09-24,0.951959009464381
2019-09-25,0.94378427552555
2019-09-26,0.9444143289558254
2019-09-27,0.9331583519311595
2019-10-01,0.9383673802961143
2019-10-02,0.9486775822871625
2019-10-03,0.9519043572727447
2019-10-04,0.9486937525637714
2019-10-07,0.9478193751338521
2019-10-08,0.9425419078813198
2019-10-09,0.9363761014784567
2019-10-14,0.9381938090623093
2019-10-15,0.9421465906320876
2019-10-16,0.9416306380813675
2019-10-17,0.949450062641934
2019-10-18,0.9536462866944311
2019-10-21,0.9624267159772217
2019-10-22,0.9651018997525973
2019-10-23,0.965566615852673
2019-10-24,0.9764340199105321
2019-10-25,0.9787223831930697
2019-10-28,0.9888049714591439
2019-10-29,0.9783529684528935
2019-10-30,0.9903268042017405
2019-10-31,0.9801795064251229
2019-11-01,0.9955551175547822
2019-11-04,0.9960060376000819
2019-11-05,1.002623002000581
2019-11-06,0.9982912505061263
2019-11-07,0.9821772317688144
2019-11-08,0.9820705402963074
2019-11-11,0.9606981876539776
2019-11-12,0.9808737808733055
2019-11-13,0.9818948521561586
2019-11-14,0.9681737305087946
2019-11-15,0.9740167422582316
2019-11-18,0.9810155774419191
2019-11-19,0.9774538098975957
2019-11-20,0.9671029931876706
2019-11-21,0.9847736745895439
2019-11-22,0.9907713079585909
2019-11-25,0.9966203313490083
2019-11-26,1.006916223083114
2019-11-27,1.012090557407611
2019-11-28,1.0089925120218926
2019-11-29,0.999348233176463
2019-12-02,0.9894318076124764
2019-12-03,0.9912614077749311
2019-12-04,0.9910614794945657
2019-12-05,1.0094074510511513
2019-12-06,1.0121582878359352
2019-12-09,1.0225200140799697
2019-12-10,1.024028043395222
2019-12-11,1.0330056530841538
2019-12-12,1.047717439209
2019-12-13,1.0340284771773887
2019-12-16,1.0486985247719438
2019-12-17,1.0486825843842829
2019-12-18,1.0420369079699598
2019-12-19,1.0374219104626607
2019-12-20,1.0240187373771958
2019-12-23,1.0232023220161952
2019-12-24,1.029184033473306
2019-12-25,1.0447864024579694
2019-12-26,1.0395112065441994
2019-12-27,1.0456183360615179
2019-12-30,1.0441122667467986
2019-12-31,1.05249069942595
2020-01-02,1.0611795653319471
2020-01-03,1.0329997128324255
2020-01-06,1.0128917507852497
2020-01-07,1.008064961300965
2020-01-08,0.9999954927945999
2020-01-09,1.0307520548869769
2020-01-10,1.0356396019486533
2020-01-13,1.0463757476832094
2020-01-14,1.0628354493163596
2020-01-15,1.0638896733823373
2020-01-16,1.0716467880951352
2020-01-17,1.0707621303239314
2020-01-20,1.07987027758962
2020-01-30,1.0054017240224031
2020-01-31,1.014509367102596
2020-02-03,0.9767213088280893
2020-02-04,0.999736584170013
2020-02-05,0.9921033612571151
2020-02-06,1.013657731705115
2020-02-07,1.0091917226274563
2020-02-10,0.9943254109847227
2020-02-11,1.0065142436006351
2020-02-12,1.0079148910425146
2020-02-13,0.99832585331597
2020-02-14,1.008816371329633
2020-02-17,1.0105763797987908
2020-02-18,0.9973255133987996
2020-02-19,1.0077750484449477
2020-02-20,1.0219832647678213
2020-02-21,1.0167651548069907
2020-02-24,1.0174665412151878
2020-02-25,1.011619448698792
2020-02-26,1.0063074971011905
2020-02-27,0.9783955245380824
2020-03-02,0.9791215619052616
2020-03-03,1.0020724229965754
2020-03-04,0.9942703705112915
2020-03-05,1.0095453215675045
2020-03-06,1.0119385802181762
2020-03-09,0.9722651228020105
2020-03-10,0.949971647111756
2020-03-11,0.9446000445733818
2020-03-12,0.8659687509636035
2020-03-13,0.824498232936109
2020-03-16,0.8107731731207616
2020-03-17,0.7918960598827041
2020-03-18,0.7666017139695578
2020-03-19,0.7075848206144033
2020-03-20,0.7472018173721827
2020-03-23,0.7424545227280352
2020-03-24,0.7674934147876347
2020-03-25,0.8023714362865458
2020-03-26,0.8320391851212136
2020-03-27,0.8132717242914296
2020-03-30,0.8210293443291307
2020-03-31,0.823033099938966
2020-04-01,0.8335142144994279
2020-04-06,0.84453532210194
2020-04-07,0.8648348857919794
2020-04-08,0.874556212081991
2020-04-09,0.8859654626372624
2020-04-10,0.89217202996166
2020-04-13,0.8789046411413588
2020-04-14,0.9074976752249105
2020-04-15,0.9104728575912692
2020-04-16,0.910358415262604
2020-04-17,0.8896206361394119
2020-04-20,0.8948775077889428
2020-04-21,0.8829744216008695
2020-04-22,0.9014963259869718
2020-04-23,0.9122309303680489
2020-04-24,0.9202944094070027
2020-04-27,0.9375249908757839
2020-04-28,0.9270804459114544
2020-04-29,0.9334247305984088
2020-04-30,0.9428341031673672
2020-05-04,0.9371879109624268
2020-05-05,0.949556684357891
2020-05-06,0.9501617667571605
2020-05-07,0.9659035009053508
2020-05-08,0.9522651569404288
2020-05-11,0.94628938328058
2020-05-12,0.9469284771735196
2020-05-13,0.9539196388992812
2020-05-14,0.9325724859453961
2020-05-15,0.9370647157438101
2020-05-18,0.9468494517305526
2020-05-19,0.9574857557531937
2020-05-20,0.9643137507069858
2020-05-21,0.9776774010745045
2020-05-22,0.971727994438666
2020-05-25,0.9825260215063274
2020-05-26,0.9865171067313753
2020-05-27,0.9874925641065767
2020-05-28,0.9827255462820762
2020-05-29,1.001462546272867
2020-06-01,1.0114316143942548
2020-06-02,0.9939686223328723
2020-06-03,1.012025297669785
2020-06-04,1.0183366722025622
2020-06-05,1.0327383014894929
2020-06-08,1.0334816106081888
2020-06-09,1.0381798929761354
2020-06-10,1.0448420319044602
2020-06-11,1.021348160147038
2020-06-12,1.0298030825957667
2020-06-15,1.0348438698074558
2020-06-16,1.0638133577255742
2020-06-17,1.0789749173511436
2020-06-18,1.0891808914741132
2020-06-19,1.079297475955044
2020-06-22,1.086888122238405
2020-06-23,1.0852278814944931
2020-06-24,1.0864191994051844
2020-06-29,1.1061711583143576
2020-06-30,1.1122657132179168
2020-07-01,1.1153953717139293
2020-07-02,1.1371339540476701
2020-07-03,1.1399256091258851
2020-07-06,1.1632953929090617
2020-07-07,1.1492324977767745
2020-07-08,1.1790431394058338
2020-07-09,1.1891552999375745
2020-07-10,1.167428434945758
2020-07-13,1.1779014600107645
2020-07-14,1.1608006679655571
2020-07-15,1.1441416891007343
2020-07-16,1.1460851749368777
2020-07-17,1.118413680559916
2020-07-20,1.119980241795555
2020-07-21,1.1321241365889827
2020-07-22,1.1533580714763878
2020-07-23,1.1635243869795067
2020-07-24,1.130071085208201
2020-07-27,1.1056689032062392
2020-07-28,1.0821261370176094
2020-07-29,1.0997067403756475
2020-07-30,1.123563217305256
2020-07-31,1.129778260476402
2020-08-03,1.1455646708683112
2020-08-04,1.158825049554376
2020-08-05,1.1772452854462678
2020-08-06,1.1822911210311235
2020-08-07,1.189260678954721
2020-08-10,1.1880315761807687
2020-08-11,1.1664183213181107
2020-08-12,1.177229676399344
2020-08-13,1.1780235455538177
2020-08-14,1.2003408629563765
2020-08-17,1.2208264521999206
2020-08-18,1.224375285063733
2020-08-19,1.2159476304464294
2020-08-20,1.1443784683402032
2020-08-21,1.1853866226222167
2020-08-24,1.2000558921243156
2020-08-25,1.224609599704373
2020-08-26,1.238396665916901
2020-08-27,1.238683681762408
2020-08-28,1.2490402549163464
2020-08-31,1.2676278525930362
2020-09-01,1.2656770600670884
2020-09-02,1.290964294269673
2020-09-03,1.2989820184428387
2020-09-04,1.3030388304777039
2020-09-07,1.2760323696172142
2020-09-08,1.2753055562786286
2020-09-09,1.2902411223581096
2020-09-10,1.2688824522579716
2020-09-11,1.2463012002272564
2020-09-14,1.2650187226298095
2020-09-15,1.2711952086962268
2020-09-16,1.2766986139413805
2020-09-17,1.28450762502898
2020-09-18,1.3017672586116515
2020-09-21,1.2912366908470496
2020-09-22,1.2787338575797838
2020-09-23,1.2708514101675354
2020-09-24,1.2371934739652204
2020-09-25,1.198913571130296
2020-09-28,1.22238365192909
2020-09-29,1.2079229428882428
2020-09-30,1.2213365225277393
2020-10-05,1.2310479845789872
2020-10-06,1.238691958014317
2020-10-07,1.2430568399946853
2020-10-08,1.2466660470903475
2020-10-12,1.240982017314713
2020-10-13,1.239503344803889
2020-10-14,1.2547613000169116
2020-10-15,1.245106481630972
2020-10-16,1.229362989890477
2020-10-19,1.2313527396585104
2020-10-20,1.2293108628817777
2020-10-21,1.2257529614586171
2020-10-22,1.2187672821919797
2020-10-23,1.2300394688541783
2020-10-26,1.2301597345559958
2020-10-27,1.2334296736810335
2020-10-28,1.2241679553870086
2020-10-29,1.222215203640917
2020-10-30,1.2100639706226097
2020-11-02,1.2048131557809714
2020-11-03,1.2224572294716065
2020-11-04,1.226111186199076
2020-11-05,1.2348174663396496
2020-11-06,1.2395561294288795
2020-11-09,1.2505207960347586
2020-11-10,1.2323579471669215
2020-11-11,1.2283976241610306
2020-11-12,1.219001232329563
2020-11-13,1.2285022896219633
2020-11-16,1.2319724260673013
2020-11-17,1.2331136343432272
2020-11-18,1.2453358248713868
2020-11-19,1.2518020652246964
2020-11-20,1.2584891686446908
2020-11-23,1.2693982818860243
2020-11-24,1.271325526873255
2020-11-25,1.2760723468943902
2020-11-26,1.2889018415940143
2020-11-27,1.3003620989806925
2020-11-30,1.3077749335248428
2020-12-01,1.308128320408312
2020-12-02,1.3150910052879958
2020-12-03,1.315467943998985
2020-12-04,1.320172664523179
2020-12-07,1.3278283183946218
2020-12-08,1.342366976373529
2020-12-09,1.3564974678487682
2020-12-10,1.3401535162923979
2020-12-11,1.328865882459758
2020-12-14,1.338441904472167
2020-12-15,1.3137617238062722
2020-12-16,1.342035694328211
2020-12-17,1.3514445730434972
2020-12-18,1.3453298106687042
2020-12-21,1.3391107531626003
2020-12-22,1.3077424945845901
2020-12-23,1.3337980702576486
2020-12-24,1.344300464104693
2020-12-25,1.3540466659474093
2020-12-28,1.36815790066324
2020-12-29,1.3701991496611663
2020-12-30,1.3885550364219676
2020-12-31,1.3977159761133815
2021-01-04,1.4032867278630845
2021-01-05,1.3991869633986957
2021-01-06,1.363825361818106
2021-01-07,1.3710088146823494
2021-01-08,1.372989514817554
2021-01-11,1.3874492608617452
2021-01-12,1.3651085974165549
2021-01-13,1.384548819512195
2021-01-14,1.3998589386622702
2021-01-15,1.358576815711586
2021-01-18,1.3621288466467676
2021-01-19,1.3593336808052656
2021-01-20,1.3107672352878925
2021-01-21,1.3206983606348428
2021-01-22,1.3490300568382574
2021-01-25,1.3569184930625724
2021-01-26,1.3400437877419575
2021-01-27,1.3507566086171918
2021-01-28,1.340289851516518
2021-01-29,1.3207220447991272
2021-02-01,1.3064159664378672
2021-02-02,1.3344464741001723
2021-02-03,1.3334307640699405
2021-02-04,1.3267214561932912
2021-02-05,1.3359422532659577
2021-02-17,1.380903933784468
2021-02-18,1.4091665342226645
2021-02-19,1.422622304666466
2021-02-22,1.4562303010955462
2021-02-23,1.4618126915393628
2021-02-24,1.4438408229943513
2021-02-25,1.4591913113362942
2021-02-26,1.453609478411344
2021-03-02,1.4293993667634572
2021-03-03,1.444193599859338
2021-03-04,1.4468574844956923
2021-03-05,1.4444146462777103
2021-03-08,1.45086247030439
2021-03-09,1.4694254359832977
2021-03-10,1.4800003980841105
2021-03-11,1.511909771650804
2021-03-12,1.5251086753385656
2021-03-15,1.5427505974890303
2021-03-16,1.5391007783512058
2021-03-17,1.5535250853078408
2021-03-18,1.586226060890949
2021-03-19,1.596028459532219
2021-03-22,1.618048499141181
2021-03-23,1.6064416719288106
2021-03-24,1.6330104868745547
2021-03-25,1.613571890239888
2021-03-26,1.6394874862699798
2021-03-29,1.668151388750737
2021-03-30,1.6867191420018908
2021-03-31,1.703407844062298
2021-04-01,1.7196550717431367
2021-04-06,1.7300167485872464
2021-04-07,1.791646618902239
2021-04-08,1.8126471070685508
2021-04-09,1.7942412380656871
2021-04-12,1.8099324581373812
2021-04-13,1.7780346453526295
2021-04-14,1.7578628486149652
2021-04-15,1.7883980329537446
2021-04-16,1.815362355386
2021-04-19,1.8286528360065146
2021-04-20,1.8456688227614493
2021-04-21,1.869407604751256
2021-04-22,1.8167124258095266
2021-04-23,1.8429516954199343
2021-04-26,1.8768797125867878
2021-04-27,1.8890532053132951
2021-04-28,1.895318811483915
2021-04-29,1.9060698909070874
2021-05-03,1.852054739986391
2021-05-04,1.7709872370889708
2021-05-05,1.7839579870937992
2021-05-06,1.7989538414684598
2021-05-07,1.827514975197198
2021-05-10,1.8698142370160729
2021-05-11,1.797723413113644
2021-05-12,1.6791157804905934
2021-05-13,1.6295809482116848
2021-05-14,1.6044096356944861
2021-05-17,1.4862820601200732
2021-05-18,1.5958451647083873
2021-05-19,1.641020022538654
2021-05-20,1.6095768939972588
2021-05-21,1.6608617867742106
2021-05-24,1.681694343150629
2021-05-25,1.6900983627715473
2021-05-26,1.7055239034245813
2021-05-27,1.713734797363191
2021-05-28,1.766014543172664
2021-05-31,1.7989755877494005
2021-06-01,1.8319255528792324
2021-06-02,1.8475278491787577
2021-06-03,1.8913569201639504
2021-06-04,1.8671046236163533
2021-06-07,1.851737808997731
2021-06-08,1.8724217806543633
2021-06-09,1.8557585092059636
2021-06-10,1.8556108545685222
2021-06-11,1.8613805853254999
2021-06-15,1.902473464138036
2021-06-16,1.8730327408349885
2021-06-17,1.8998111035353298
2021-06-18,1.8900478669355145
2021-06-21,1.8583269943677627
2021-06-22,1.8996161586204416
2021-06-23,1.8873859182010069
2021-06-24,1.9351360527809496
2021-06-25,1.9543746629576182
2021-06-28,2.007266418689152
2021-06-29,2.019047235504626
2021-06-30,2.0853786184482024
2021-07-01,2.081621645155295
2021-07-02,2.0861582369726546
2021-07-05,2.096620240565429
2021-07-06,2.0919013569682114
2021-07-07,2.0639007543211734
2021-07-08,2.102058163882473
2021-07-09,2.081256583027236
2021-07-12,2.0979978167203415
2021-07-13,2.019839457345847
2021-07-14,2.001054295605159
2021-07-15,2.0783867689006663
2021-07-16,2.082546235695929
2021-07-19,2.1034388450615684
2021-07-20,2.064428772588859
2021-07-21,2.0236165570401337
2021-07-22,2.028780497622844
2021-07-23,2.0697929950496112
2021-07-26,2.079255522560051
2021-07-27,2.022132320322015
2021-07-28,1.9911762767149463
2021-07-29,2.0526695022766615
2021-07-30,2.0111019377334163
2021-08-02,2.038594364420326
2021-08-03,2.044215824422439
2021-08-04,2.0314806390966322
2021-08-05,2.0126264729774803
2021-08-06,2.001692489959413
2021-08-09,1.9744490497146692
2021-08-10,1.948848062922763
2021-08-11,1.8892541607410713
2021-08-12,1.9364950726731363
2021-08-13,1.871869604347157
2021-08-16,1.8568386118575564
2021-08-17,1.8129533248871499
2021-08-18,1.8626419041493396
2021-08-19,1.7893610562468285
2021-08-20,1.8156239447285132
2021-08-23,1.8838959732203586
2021-08-24,1.8741823696750077
2021-08-25,1.9092962181526334
2021-08-26,1.9225919174087045
2021-08-27,1.902051220478083
2021-08-30,1.9184148844652749
2021-08-31,1.9423070146577623
2021-09-01,1.9400279776328415
2021-09-02,1.9127897218032652
2021-09-03,1.930057251287271
2021-09-06,1.8921407420621301
2021-09-07,1.8693785727289847
2021-09-08,1.825635984429377
2021-09-09,1.870424132955626
2021-09-10,1.8809246975726146
2021-09-13,1.8745630737434926
2021-09-14,1.8679219164649432
2021-09-15,1.8503315800984996
2021-09-16,1.8577242980863158
2021-09-17,1.861728528195699
2021-09-22,1.8133633572148036
2021-09-23,1.8379219457491547
2021-09-24,1.864352476252013
2021-09-27,1.859466383784441
2021-09-28,1.8465658085153906
2021-09-29,1.7970357926975797
2021-09-30,1.8202172569862993
2021-10-01,1.7470525527640706
2021-10-04,1.72117077550553
2021-10-05,1.7507798207235357
2021-10-06,1.7391935259153832
2021-10-07,1.7768109834835737
2021-10-08,1.7859344405971433
2021-10-12,1.76237961113471
2021-10-13,1.7538263305603083
2021-10-14,1.7579357766543864
2021-10-15,1.7912269253649158
2021-10-18,1.804420500645272
2021-10-19,1.8151231008404902
2021-10-20,1.8225154702805995
2021-10-21,1.827601954100215
2021-10-22,1.8269187462650478
2021-10-25,1.837895881028385
2021-10-26,1.8309204897000595
2021-10-27,1.859952471690929
2021-10-28,1.863787042609395
2021-10-29,1.8616221438941514
2021-11-01,1.8797420512420921
2021-11-02,1.8383742509755645
2021-11-03,1.8433407230526917
2021-11-04,1.8409586798512787
2021-11-05,1.8423780672225436
2021-11-08,1.8300382034232536
2021-11-09,1.8514266352071183
2021-11-10,1.8698095695550647
2021-11-11,1.8655133176946894
2021-11-12,1.8845934749425706
2021-11-15,1.917408003798426
2021-11-16,1.921767391870047
2021-11-17,1.9410876872171485
2021-11-18,1.9276695212945596
2021-11-19,1.9343168137993036
2021-11-22,1.9387523284329622
2021-11-23,1.898776556822456
2021-11-24,1.9269370180705867
2021-11-25,1.9250196635490955
2021-11-26,1.8923985055338177
2021-11-29,1.8912050521079686
2021-11-30,1.9222189202049804
2021-12-01,1.9302357393146583
2021-12-02,1.8983008887300155
2021-12-03,1.9258837553764057
2021-12-06,1.948619299219182
2021-12-07,1.957208303084438
2021-12-08,1.9662460132665056
2021-12-09,1.9700853143519157
2021-12-10,1.9696735054905699
2021-12-13,1.9810095258613973
2021-12-14,1.9353974216425602
2021-12-15,1.959404464739865
2021-12-16,1.9774885320388087
2021-12-17,1.9562956203902528
2021-12-20,1.9471164349967007
2021-12-21,1.979355095901376
2021-12-22,2.0012692840171997
2021-12-23,2.0190988131356518
2021-12-24,2.019142474347505
2021-12-27,2.0236148810509755
2021-12-28,2.0282663363044016
2021-12-29,2.0310282446314307
2021-12-30,2.0237044246803246
2022-01-03,1.9858313871946014
2022-01-04,1.9840303974579925
2022-01-05,1.9642289467497014
2022-01-06,1.9472070529572114
2022-01-07,1.9008932407704662
2022-01-10,1.897185361415136
2022-01-11,1.857600062389153
2022-01-12,1.8515654441449587
2022-01-13,1.8421652954592023
2022-01-14,1.8296198095470924
2022-01-17,1.858393677120913
2022-01-18,1.851883546780198
2022-01-19,1.8281288577691925
2022-01-20,1.8384172503915184
2022-01-21,1.7875337285946336
2022-01-24,1.7822449694206322
2022-01-25,1.739924712455361
2022-01-26,1.750466880541582
2022-02-07,1.803315187118441
2022-02-08,1.8300586879651695
2022-02-09,1.8526830625280781
2022-02-10,1.8508715811417848
2022-02-11,1.8523037710372876
2022-02-14,1.8232942423307192
2022-02-15,1.8239846438462186
2022-02-16,1.8525499424828944
2022-02-17,1.8510795341440875
2022-02-18,1.8614971783593286
2022-02-21,1.8706962931250095
2022-02-22,1.8398917310818645
2022-02-23,1.8746011540101137
2022-02-24,1.8339571881597325
2022-02-25,1.8512949469849307
2022-03-01,1.8755538613677207
2022-03-02,1.8843573715143556
2022-03-03,1.8917576377128447
2022-03-04,1.8718136501252556
2022-03-07,1.8226438554215538
2022-03-08,1.7758847129355266
2022-03-09,1.810542244659013
2022-03-10,1.8449250302902533
2022-03-11,1.8440500614051278
2022-03-14,1.8514825183704182
2022-03-15,1.809860091043021
2022-03-16,1.8182695782999776
2022-03-17,1.8640871325475554
2022-03-18,1.866151727050453
2022-03-21,1.8715057712485341
2022-03-22,1.878631726257499
2022-03-23,1.8926754989357233
2022-03-24,1.8963657275118164
2022-03-25,1.8815556836209604
2022-03-28,1.8809382464947462
2022-03-29,1.8858937510263913
2022-03-30,1.8922334853041567
2022-03-31,1.8840354943055069
2022-04-01,1.8778153846267893
2022-04-06,1.8977274103735897
2022-04-07,1.8527929725728516
2022-04-08,1.8930445018397548
2022-04-11,1.8785215043833612
2022-04-12,1.8662918771364823
2022-04-13,1.8934885364665024
2022-04-14,1.8989111812326214
2022-04-15,1.8887173143777953
2022-04-18,1.8793681240140707
2022-04-19,1.890740430361182
2022-04-20,1.906858717402405
2022-04-21,1.913083761055473
2022-04-22,1.9119905022957766
2022-04-25,1.8404612966863412
2022-04-26,1.8298175411487927
2022-04-27,1.8219871170143842
2022-04-28,1.8361407523029705
2022-04-29,1.8498364666225269
2022-05-03,1.8379763522917192
2022-05-04,1.843297879031399
2022-05-05,1.8592820451714949
2022-05-06,1.8511985163120843
2022-05-09,1.8087332974451198
2022-05-10,1.823501877260768
2022-05-11,1.8078725858898654
2022-05-12,1.7458361984752189
2022-05-13,1.7707248881320414
2022-05-16,1.7810740494751174
2022-05-17,1.799381005606177
2022-05-18,1.8199104532141164
2022-05-19,1.8117352885625027
2022-05-20,1.8149136957147964
2022-05-23,1.8397949478450486
2022-05-24,1.812094752741038
2022-05-25,1.8343020304171787
2022-05-26,1.8299249069056882
2022-05-27,1.8503136146041768
2022-05-30,1.880520069799218
2022-05-31,1.8818157542932248
2022-06-01,1.8900804419043176
2022-06-02,1.8763968111066402
2022-06-06,1.870411829516076
2022-06-07,1.885959390791475
2022-06-08,1.8971871671261487
2022-06-09,1.8954674343751643
2022-06-10,1.8923701494429286
2022-06-13,1.852324876993017
2022-06-14,1.8334334048976426
2022-06-15,1.8288345002008553
2022-06-16,1.7945949574240647
2022-06-17,1.7989371263170564
2022-06-20,1.733997542687585
2022-06-21,1.7926480768161364
2022-06-22,1.7457143114446112
2022-06-23,1.7432245552888352
2022-06-24,1.7555073191098896
2022-06-27,1.7961829422989246
2022-06-28,1.7789721082189678
2022-06-29,1.7732077541506803
2022-06-30,1.7213115413753775
2022-07-01,1.6491182561609494
2022-07-04,1.6656560465784083
2022-07-05,1.7250693678861115
2022-07-06,1.6819961116778839
2022-07-07,1.7319991916954762
2022-07-08,1.7405290117505303
2022-07-11,1.7423376609203416
2022-07-12,1.6944069867809066
2022-07-13,1.72789467025339
2022-07-14,1.7434818798269367
2022-07-15,1.7382696297822513
2022-07-18,1.8037246572971024
2022-07-19,1.8287043437551824
2022-07-20,1.8167492941784384
2022-07-21,1.7995939838709232
2022-07-22,1.7938193771390742
2022-07-25,1.827470476698558
2022-07-26,1.8282844729629804
2022-07-27,1.8532661946087983
2022-07-28,1.8304476964925316
2022-07-29,1.875959477260369
2022-08-01,1.884370023497677
2022-08-02,1.849479997207705
2022-08-03,1.8212196289464955
2022-08-04,1.8182524510810798
2022-08-05,1.8719007641750955
2022-08-08,1.8844365123715825
2022-08-09,1.8863656492177787
2022-08-10,1.8807560742665272
2022-08-11,1.8782888594258937
2022-08-12,1.8714702191976944
2022-08-15,1.8877509975200821
2022-08-16,1.9039140609003713
2022-08-17,1.9082143549287387
2022-08-18,1.9313250907558162
2022-08-19,1.939732645546209
2022-08-22,1.9373944562780878
2022-08-23,1.9227537526515277
2022-08-24,1.9421183847343146
2022-08-25,1.9622478111259227
2022-08-26,1.9706949367589228
2022-08-29,1.9278626680960245
2022-08-30,1.9581963745314688
2022-08-31,1.975354732100977
2022-09-01,1.9446045717757117
2022-09-02,1.9541951845950631
2022-09-05,1.9247861285377397
2022-09-06,1.8939036501821298
2022-09-07,1.8837012829903834
2022-09-08,1.9177049404463036
2022-09-12,1.939461276096735
2022-09-13,1.9464022296822785
2022-09-14,1.9452511220950948
2022-09-15,1.9396657314966967
2022-09-16,1.9167715643619407
2022-09-19,1.8879741082815735
2022-09-20,1.9110684573209729
2022-09-21,1.890128108195395
2022-09-22,1.9087654501671663
2022-09-23,1.853022429671486
2022-09-26,1.7802508830705512
2022-09-27,1.8069125309297522
2022-09-28,1.7193266831763852
2022-09-29,1.75714520248316
2022-09-30,1.7682369803231412
2022-10-03,1.7502039648296583
2022-10-04,1.7759451080166406
2022-10-05,1.7678765708212953
2022-10-06,1.7801140929121868
2022-10-07,1.7775992452661702
2022-10-11,1.7040880620056575
2022-10-12,1.7053432630996914
2022-10-13,1.630147742408624
2022-10-14,1.6694429879657524
2022-10-17,1.660686328545453
2022-10-18,1.660869119663764
2022-10-19,1.656929096309746
2022-10-20,1.6250708112198873
2022-10-21,1.5929347658004847
2022-10-24,1.6047995915835702
2022-10-25,1.5901746605428773
2022-10-26,1.579764763464853
2022-10-27,1.6139765524746847
2022-10-28,1.601339328965599
2022-10-31,1.6320320992146056
2022-11-01,1.6465444973867274
2022-11-02,1.669480486224108
2022-11-03,1.6749398974515077
2022-11-04,1.710940354042512
2022-11-07,1.7250554994401588
2022-11-08,1.7144896170065704
2022-11-09,1.7409775264306218
2022-11-10,1.7163555788092524
2022-11-11,1.7104198388369662
2022-11-14,1.7288704564423354
2022-11-15,1.7229310059597678
2022-11-16,1.7279956463004384
2022-11-17,1.7651610666925004
2022-11-18,1.7710778061642531
2022-11-21,1.7783908217847892
2022-11-22,1.7543168236855056
2022-11-23,1.750247646805632
2022-11-24,1.7545833082687436
2022-11-25,1.7345111245687121
2022-11-28,1.7680920409860947
2022-11-29,1.7782189190179987
2022-11-30,1.7832924560615233
2022-12-01,1.815706367558874
2022-12-02,1.8213591594917262
2022-12-05,1.8297533850241
2022-12-06,1.8047587825469305
2022-12-07,1.7798810171980384
2022-12-08,1.8176156123592222
2022-12-09,1.8121196794744443
2022-12-12,1.8103097470799843
2022-12-13,1.812463148650539
2022-12-14,1.8412743866343912
2022-12-15,1.8479273382982684
2022-12-16,1.806933054002015
2022-12-19,1.7942429305201335
2022-12-20,1.7279087112635054
2022-12-21,1.7422772750901476
2022-12-22,1.758182945115546
2022-12-23,1.755054253972485
2022-12-26,1.7555549728437447
2022-12-27,1.7645762966728218
2022-12-28,1.7213481093595933
2022-12-29,1.7192083173831663
2022-12-30,1.7246427520251026
2023-01-03,1.7390315915647458
2023-01-04,1.7561314465536946
2023-01-05,1.7524064006303564
2023-01-06,1.7450708474168315
2023-01-09,1.763975331098702
2023-01-10,1.758287322743732
2023-01-11,1.743135963695674
2023-01-12,1.7320576528917053
2023-01-13,1.7169884749325102
2023-01-16,1.7419463623480769
2023-01-17,1.7510539574217978
2023-01-30,1.7930061198669547
2023-01-31,1.811955694970765
2023-02-01,1.8298104412872758
2023-02-02,1.8583234661162396
2023-02-03,1.8548014351208946
2023-02-06,1.8645842054955488
2023-02-07,1.8870423871141513
2023-02-08,1.8961387024278145
2023-02-09,1.9023312446819356
2023-02-10,1.872943925454366
2023-02-13,1.871734589285394
2023-02-14,1.8817996481955146
2023-02-15,1.8884141082358818
2023-02-16,1.9233516456046342
2023-02-17,1.9416470516792972
2023-02-20,1.9548445500568956
2023-02-21,1.9682686542039516
2023-02-22,1.94883779287405
2023-02-23,1.9815959837931727
2023-02-24,1.963577064117119
2023-03-01,1.9637510773639173
2023-03-02,1.9847668994361098
2023-03-03,1.994213068057955
2023-03-06,2.01603064855413
2023-03-07,2.024080282921984
2023-03-08,2.0161541269712924
2023-03-09,2.0103712263350406
2023-03-10,1.972115475857206
2023-03-13,1.9534085020712693
2023-03-14,1.944779470116754
2023-03-15,1.9564003176083438
2023-03-16,1.9165043411105271
2023-03-17,1.957947270787129
2023-03-20,1.9913534644216457
2023-03-21,2.024950239859197
2023-03-22,2.043458460898372
2023-03-23,2.0473187892586995
2023-03-24,2.0555349364273185
2023-03-27,2.060723836331746
2023-03-28,2.0298204547316865
2023-03-29,2.045462644862265
2023-03-30,2.0581702188698263
2023-03-31,2.0746406878565247
2023-04-06,2.072476856544083
2023-04-07,2.0776535953167663
2023-04-10,2.0878975171659166
2023-04-11,2.082701074643887
2023-04-12,2.106335035461396
2023-04-13,2.1195183897703345
2023-04-14,2.1570157677146695
2023-04-17,2.185108428854514
2023-04-18,2.182849516791111
2023-04-19,2.209552505049012
2023-04-20,2.15581331644722
2023-04-21,2.112655680384109
2023-04-24,2.136843027055986
2023-04-25,2.0926520960206383
2023-04-26,2.0927992931808648
2023-04-27,2.1087791392826016
2023-04-28,2.148541495892935
2023-05-02,2.157512488063583
2023-05-03,2.142721257267895
2023-05-04,2.162983303410603
2023-05-05,2.159750850035217
2023-05-08,2.1743655820678995
2023-05-09,2.1338292359651883
2023-05-10,2.1512708719833213
2023-05-11,2.0969709419095537
2023-05-12,2.1333612930706725
2023-05-15,2.1170712944367156
2023-05-16,2.149689994345742
2023-05-17,2.1866812976056775
2023-05-18,2.1983384564964075
2023-05-19,2.202914654051921
2023-05-22,2.2475000459880743
2023-05-23,2.2715256606605814
2023-05-24,2.282524473938897
2023-05-25,2.275878385838471
2023-05-26,2.250866548484202
2023-05-29,2.277029537865116
2023-05-30,2.2586242315397334
2023-05-31,2.2930691768272053
2023-06-01,2.313870825459805
2023-06-02,2.333822654107371
2023-06-05,2.357413743305945
2023-06-06,2.3759856618641755
2023-06-07,2.425748665367411
2023-06-08,2.4367041717475306
2023-06-09,2.4487886321111523
2023-06-12,2.4121233159071322
2023-06-13,2.4574512409900295
2023-06-14,2.455371067991925
2023-06-15,2.473517001129454
2023-06-16,2.474021742675257
2023-06-19,2.512832244976791
2023-06-20,2.514283743149739
2023-06-21,2.524741829468198
2023-06-26,2.489536442726058
2023-06-27,2.442981361688111
2023-06-28,2.483398881673686
2023-06-29,2.497657044777016
2023-06-30,2.51080507877919
2023-07-03,2.5434825176323446
2023-07-04,2.52642541041206
2023-07-05,2.527108013085657
2023-07-06,2.493155499614807
2023-07-07,2.4788801940191068
2023-07-10,2.4773277444240698
2023-07-11,2.4975656679463176
2023-07-12,2.463096198112519
2023-07-13,2.4466652421020023
2023-07-14,2.4693522291541443
2023-07-17,2.4885614643728027
2023-07-18,2.445536973424707
2023-07-19,2.4340380008451565
2023-07-20,2.4858085235494545
2023-07-21,2.485485014937527
2023-07-24,2.4381810154187873
2023-07-25,2.474159264579818
2023-07-26,2.4672383100935336
2023-07-27,2.508780288060563
2023-07-28,2.534793898278965
2023-07-31,2.5173642897140938
2023-08-01,2.499323855524651
2023-08-02,2.4547252276063856
2023-08-04,2.468605509062965
2023-08-07,2.5008297168001734
2023-08-08,2.5091784635233876
2023-08-09,2.4969188367200514
2023-08-10,2.4327455442533754
2023-08-11,2.440245094922839
2023-08-14,2.3935935907719434
2023-08-15,2.4246688986490805
2023-08-16,2.4276199463680284
2023-08-17,2.463438272212042
2023-08-18,2.4249695763990973
2023-08-21,2.4336702086040742
2023-08-22,2.4232900564145345
2023-08-23,2.441960726561405
2023-08-24,2.4375500912916053
2023-08-25,2.4511951600613124
2023-08-28,2.417054166599341
2023-08-29,2.448254943088868
2023-08-30,2.4751839822551704
2023-08-31,2.48152645201408
2023-09-01,2.4750253215577964
2023-09-04,2.5231384486567547
2023-09-05,2.546412506762676
2023-09-06,2.542671760976159
2023-09-07,2.542942389193549
2023-09-08,2.5431440266344274
2023-09-11,2.511602046404255
2023-09-12,2.510225091757115
2023-09-13,2.520284318041335
2023-09-14,2.54967845099664
2023-09-15,2.5530236507674346
2023-09-18,2.534435587837541
2023-09-19,2.525785946562131
2023-09-20,2.5089896872882007
2023-09-21,2.4829259805297244
2023-09-22,2.4964011626165985
2023-09-25,2.516275108714189
2023-09-26,2.5031299470881003
2023-09-27,2.513919861883694
2023-09-28,2.5255202711628275
2023-10-02,2.543264215540397
2023-10-03,2.5348733573897166
2023-10-04,2.534824196075475
2023-10-05,2.554678577782276
2023-10-06,2.564209987018532
2023-10-11,2.5207859986330807
2023-10-12,2.559340763919068
2023-10-13,2.544843857088435
2023-10-16,2.540423054536378
2023-10-17,2.544719314614255
2023-10-18,2.500842817875161
2023-10-19,2.5038385473157367
2023-10-20,2.485302053422076
2023-10-23,2.4901403743823405
2023-10-24,2.5093802840622943
2023-10-25,2.5372820925753516
2023-10-26,2.5000185945821762
2023-10-27,2.492567817763097
2023-10-30,2.5149758922840704
2023-10-31,2.4542762381788474
2023-11-01,2.4676849825305007
2023-11-02,2.4945228979506795
2023-11-03,2.471533802838963
2023-11-06,2.5111088324998025
2023-11-07,2.5201852389954325
2023-11-08,2.5116248292370593
2023-11-09,2.50558853231732
2023-11-10,2.4968744129519593
2023-11-13,2.517267519528007
2023-11-14,2.5429771447256924
2023-11-15,2.582547075636374
2023-11-16,2.595495199824256
2023-11-17,2.6170648376258314
2023-11-20,2.6299181204608346
2023-11-21,2.6322896098177666
2023-11-22,2.659675148457551
2023-11-23,2.670825420007467
2023-11-24,2.6739879704831138
2023-11-27,2.6670363913936392
2023-11-28,2.694951005100566
2023-11-29,2.7099049479696395
2023-11-30,2.7072953482672264
2023-12-01,2.7109644295670323
2023-12-04,2.696355331878449
2023-12-05,2.6717091330424343
2023-12-06,2.665037205525467
2023-12-07,2.6510416203471237
2023-12-08,2.655500524915641
2023-12-11,2.6489478533236777
2023-12-12,2.6567025054814115
2023-12-13,2.657407595975989
2023-12-14,2.6466749910284637
2023-12-15,2.6274425244085475
2023-12-18,2.6155220169546705
2023-12-19,2.6110225192322236
2023-12-20,2.6443167456744336
2023-12-21,2.621241487674265
2023-12-22,2.60785153294537
2023-12-25,2.58660697716566
2023-12-26,2.6146615776524067
2023-12-27,2.6344805619108165
2023-12-28,2.6242717969052314
2023-12-29,2.630326356543593
2024-01-02,2.629180750200862
2024-01-03,2.611211418314556
2024-01-04,2.5850533734792838
2024-01-05,2.6027256975651
2024-01-08,2.6063375091353502
2024-01-09,2.580996454467966
2024-01-10,2.5731572549355284
2024-01-11,2.596608567032176
2024-01-12,2.5891166646374733
2024-01-15,2.6173200396797713
2024-01-16,2.5943269790446695
2024-01-17,2.558021618013572
2024-01-18,2.5541950756961005
2024-01-19,2.571912766029156
2024-01-22,2.5983687582015045
2024-01-23,2.609023572666783
2024-01-24,2.6334472863087663
2024-01-25,2.611342400448021
2024-01-26,2.6090049945039886
2024-01-29,2.636182012222782
2024-01-30,2.6322720096654626
2024-01-31,2.6499595235603692
2024-02-01,2.6386635135488294
2024-02-02,2.651061561443496
2024-02-05,2.6478060782128785
2024-02-15,2.691592641209409
2024-02-16,2.7329413320999145
2024-02-19,2.729381683960115
2024-02-20,2.7301263383891468
2024-02-21,2.7503291217471575
2024-02-22,2.761671589590171
2024-02-23,2.75671906252386
2024-02-26,2.796121555844545
2024-02-27,2.767002957597232
2024-02-29,2.812173431170266
2024-03-01,2.823726146071836
2024-03-04,2.8455499753106954
2024-03-05,2.8678720142171543
2024-03-06,2.8856179949058505
2024-03-07,2.855644296562593
2024-03-08,2.775480310099792
2024-03-11,2.8334321777898
2024-03-12,2.8554341341429046
2024-03-13,2.80672083009093
2024-03-14,2.7867263754293714
2024-03-15,2.7656220557907094
2024-03-18,2.811062839892064
2024-03-19,2.803815021358409
2024-03-20,2.7877370417961926
2024-03-21,2.8217351787049973
2024-03-22,2.834446777138431
2024-03-25,2.8786896383963203
2024-03-26,2.8503950247669545
2024-03-27,2.8665261309423236
2024-03-28,2.8622454648135163
2024-03-29,2.866169630663073
2024-04-01,2.87455754392675
2024-04-02,2.8734746749021123
2024-04-03,2.8836838536624025
2024-04-08,2.90670098200236
2024-04-09,2.91769438678795
2024-04-10,2.92319370594358
2024-04-11,2.91507701839062
2024-04-12,2.9358425535956254
2024-04-15,2.883901254155401
2024-04-16,2.8092008208400774
2024-04-17,2.858391109666793
2024-04-18,2.862770951813381
2024-04-19,2.796336674001383
2024-04-22,2.7602939538113946
2024-04-23,2.7761594005213723
2024-04-24,2.827964012824678
2024-04-25,2.808952123548773
2024-04-26,2.8350124044180105
2024-04-29,2.8855283124597175
2024-04-30,2.888128089228672
2024-05-02,2.8912174312618095
2024-05-03,2.8959365516912827
2024-05-06,2.9220161579569486
2024-05-07,2.9053694167036253
2024-05-08,2.894438582354261
2024-05-09,2.8825563938048213
2024-05-10,2.9352295233600607
2024-05-13,2.9258854236696
2024-05-14,2.9166964745482513
2024-05-15,2.9158612903918093
2024-05-16,2.9849809024900114
2024-05-17,3.01065674084286
2024-05-20,2.9960901513378597
2024-05-21,2.9891433533664458
2024-05-22,2.9952302857743596
2024-05-23,2.9249872054121475
2024-05-24,2.9487294128426362
2024-05-27,2.9682980100094074
2024-05-28,3.0104180980575257
2024-05-29,3.012803620245397
2024-05-30,2.9874705505609063
2024-05-31,3.02014016195429
2024-06-03,3.0447572893103394
2024-06-04,3.0357233768878285
2024-06-05,3.024680764396334
2024-06-06,3.043001307067691
2024-06-07,3.11258082988604
2024-06-11,3.061379743922177
2024-06-12,3.034395390185126
2024-06-13,3.051493908526054
2024-06-14,3.0709155127184076
2024-06-17,3.057220895910801
2024-06-18,3.071355617026669
2024-06-19,3.061101008542168
2024-06-20,3.0934100147874046
2024-06-21,3.1073725291555765
2024-06-24,3.0836152840538222
2024-06-25,3.1010280751822066
2024-06-26,3.1100963006292406
2024-06-27,3.1028987742089815
2024-06-28,3.1285522403945945
2024-07-01,3.1595474833952992
2024-07-02,3.181425830318164
2024-07-03,3.222235691420265
2024-07-04,3.2327253142778893
2024-07-05,3.2658400748034917
2024-07-08,3.2128073331843923
2024-07-09,3.1881073724019937
2024-07-10,3.2415365726041445
2024-07-11,3.2691195031107823
2024-07-12,3.2299904353492574
2024-07-15,3.2471131860318927
2024-07-16,3.2778802650508645
2024-07-17,3.29400230564506
2024-07-18,3.267080040284472
2024-07-19,3.1944525895953566
2024-07-22,3.108198934758936
2024-07-23,3.1587531061505025
2024-07-26,3.099535136206258
2024-07-29,3.046264359303649
2024-07-30,3.1008071661242997
2024-07-31,3.0936609488251348
2024-08-01,3.128573835391236
2024-08-02,3.004374831728294
2024-08-05,2.7473152440479858
2024-08-06,2.671043783563217
2024-08-07,2.83854923928149
2024-08-08,2.839964244959653
2024-08-09,2.9292635298196408
2024-08-12,2.9618138412982793
2024-08-13,2.9858806392614423
2024-08-14,3.0220492728448276
2024-08-15,3.041273374849926
2024-08-16,3.0908422286093606
2024-08-19,3.1431058563415233
2024-08-20,3.1379945779002267
2024-08-21,3.1242538674015408
2024-08-22,3.119121211118356
2024-08-23,3.1112163558368415
2024-08-26,3.076832348666694
2024-08-27,3.1240210548137775
2024-08-28,3.118495349542547
2024-08-29,3.127757767973141
2024-08-30,3.125743996926463
2024-09-02,3.1021197472009963
2024-09-03,3.0905397291493664
2024-09-04,2.97310542370908
2024-09-05,2.9696018573003564
2024-09-06,2.9758449970445886
2024-09-09,2.9648215379594283
2024-09-10,2.920146493668025
2024-09-11,2.916559753214097
2024-09-12,2.9705768050530397
2024-09-13,3.005175230023384
2024-09-16,3.0184679254665245
2024-09-18,3.0015229521441937
2024-09-19,3.0705633665256924
2024-09-20,3.041519010661891
2024-09-23,3.036798151651497
2024-09-24,3.026997312637301
2024-09-25,3.062614648520659
2024-09-26,3.035977136339491
2024-09-27,3.043190614396567
2024-09-30,3.0097456499053936
2024-10-01,2.995790615267192
2024-10-04,2.9445888856716644
2024-10-07,2.9831585466028168
2024-10-08,2.9669185437436725
2024-10-09,2.954181214485104
2024-10-11,2.9357240642803912
2024-10-14,2.964907292010475
2024-10-15,2.9578244608731867
2024-10-16,2.954791178926605
2024-10-17,2.983651409001859
2024-10-18,2.9744470989162193
2024-10-21,3.012041106985157
2024-10-22,3.019897974465168
2024-10-23,3.0390592681714597
2024-10-24,3.002398025479739
2024-10-25,3.0233937185220383
2024-10-28,3.005227821816581
2024-10-29,2.974405949015956
2024-10-30,2.974614936732929
2024-11-01,2.9916344543063547
2024-11-04,2.9631489569097247
2024-11-05,2.988592879193156
2024-11-06,3.01104778776527
2024-11-07,3.0430388059725155
2024-11-08,3.0157871521404274
2024-11-11,3.0324703479122483
2024-11-12,2.9764857932895072
2024-11-13,2.9869789997104528
2024-11-14,2.950300564805207
2024-11-15,2.952530756750669
2024-11-18,2.908801496825016
2024-11-19,2.975662338933633
2024-11-20,2.9632708610677043
2024-11-21,2.9978498816034596
2024-11-22,3.014969072352902
2024-11-25,3.059416462963954
2024-11-26,3.0371767062935424
2024-11-27,2.96426994793183
2024-11-28,2.9469308519349653
2024-11-29,2.9707755723584617
2024-12-02,2.9851473763876073
2024-12-03,3.0050409974768875
2024-12-04,3.0503894322128793
2024-12-05,3.045052951113889
2024-12-06,3.0471374702664282
2024-12-09,3.040211243670573
2024-12-10,2.9929735901774595
2024-12-11,2.9861570950880103
2024-12-12,2.9690897789756003
2024-12-13,2.9566660861519054
2024-12-16,2.9162828714134674
2024-12-17,2.9254033244364055
2024-12-18,2.9263250569762436
2024-12-19,2.925839020721857
2024-12-20,2.9112007682878893
2024-12-23,2.936773701917742
2024-12-24,2.930743830701001
2024-12-25,2.9460402576624696
2024-12-26,2.9364784160830775
2024-12-27,2.9443628286915113
2024-12-30,2.9295782336642597
2024-12-31,2.926870899027651
2025-01-02,2.8935779047674095
2025-01-03,2.8819565104608746
2025-01-06,2.907341615483185
2025-01-07,2.911984817757889
2025-01-08,2.9177918749069374
2025-01-09,2.856322785273968
2025-01-10,2.8309578721089363
2025-01-13,2.765441251943659
2025-01-14,2.7943188371734378
2025-01-15,2.759518344878916
2025-01-16,2.7902211859586297
2025-01-17,2.7844909645584397
2025-01-20,2.8121531166696303
2025-01-21,2.820956570108973
2025-01-22,2.854519773708494
2025-02-03,2.8030076296244286
2025-02-04,2.783608650215024
2025-02-05,2.8314331750125366
2025-02-06,2.8667121797848725
2025-02-07,2.9120673803448534
2025-02-10,2.899597891424671
2025-02-11,2.9244224675913713
2025-02-12,2.905965915660985
2025-02-13,2.909185323785408
2025-02-14,2.891308586353646
2025-02-17,2.9376565848343588
2025-02-18,2.968380849417796
2025-02-19,2.970870933231281
2025-02-20,2.965487344621326
2025-02-21,2.993126658929137
2025-02-24,3.0157691115325633
2025-02-25,2.985259111844347
2025-02-26,2.9995742569167785
2025-02-27,2.9773328837349506
2025-03-03,2.935985805969419
2025-03-04,2.970067415384817
2025-03-05,2.9914879743226845
2025-03-06,2.9716692249912717
2025-03-07,2.9295202144071677
2025-03-10,2.9204887962853245
2025-03-11,2.9089456228326025
2025-03-12,2.932669554716
2025-03-13,2.889216588602308
2025-03-14,2.9027705926616005
2025-03-17,2.9351894034661394
2025-03-18,2.9734900427615254
2025-03-19,2.9569380703525567
2025-03-20,3.019555888801691
2025-03-21,3.0137305706148654
2025-03-24,3.000220956870423
2025-03-25,2.989494160671168
2025-03-26,2.9846872836349165
2025-03-27,2.9535909318773412
2025-03-28,2.8882702238778077
2025-03-31,2.731854026902395
2025-04-01,2.7631795288126275
2025-04-02,2.7797919755444505
2025-04-07,2.5321153223087576
2025-04-08,2.388024201274752
2025-04-09,2.201651077424782
2025-04-10,2.375070933526218
2025-04-11,2.35018564741273
2025-04-14,2.3914618662037985
2025-04-15,2.4958228786405745
2025-04-16,2.4463562315298573
2025-04-17,2.4290963676095316
2025-04-18,2.445329163758599
2025-04-21,2.3870984525711743
2025-04-22,2.357359041214075
2025-04-23,2.436554856430676
2025-04-24,2.472911885536105
2025-04-25,2.523574739020938
2025-04-28,2.5835287879309705
2025-04-29,2.6393255388496057
2025-04-30,2.607225573160945
2025-05-02,2.6805720013723087
2025-05-05,2.6344185047715647
2025-05-06,2.669467711755167
2025-05-07,2.6438895176461075
2025-05-08,2.693218275101547
2025-05-09,2.68670967528127
2025-05-12,2.700918741355978
2025-05-13,2.7024604495299913
2025-05-14,2.7163821228883953
2025-05-15,2.7021474718466014
2025-05-16,2.7203868444905437
2025-05-19,2.676047587936314
2025-05-20,2.6985772104982755
2025-05-21,2.7281100056794645
2025-05-22,2.7141324923407173
2025-05-23,2.6944806872340403
2025-05-26,2.676731321243135
2025-05-27,2.6449215254495577
2025-05-28,2.635491120475783
2025-05-29,2.6350995490894307
2025-06-02,2.611871201302753
2025-06-03,2.6566360486534912
2025-06-04,2.668212734616274
2025-06-05,2.6507338783833094
2025-06-06,2.616100597598463
2025-06-09,2.6280308652166395
2025-06-10,2.6430975870600464
2025-06-11,2.659450870822553
2025-06-12,2.6724408023688984
2025-06-13,2.6485778445028965
2025-06-16,2.645046580259836
2025-06-17,2.643114899135691
2025-06-18,2.632195120568124
2025-06-19,2.595677364266178
2025-06-20,2.5657020107541815
2025-06-23,2.5504316219562884
2025-06-24,2.59310872908086
2025-06-25,2.5947498886168625
2025-06-26,2.5985073481899046
2025-06-27,2.6081807346939336
2025-06-30,2.6091412589786622
2025-07-01,2.6104413081289355
2025-07-02,2.6207939547396975
2025-07-03,2.6458977582414915
2025-07-04,2.6087498719290054
2025-07-07,2.5854234956292568
2025-07-08,2.6019477408276437
2025-07-09,2.6433767730556017
2025-07-10,2.661753989582711
2025-07-11,2.6497870436651296
2025-07-14,2.6212291522574107
2025-07-15,2.668631010594952
2025-07-16,2.676524230379361
2025-07-17,2.6938227517726885
2025-07-18,2.719426707656446
2025-07-21,2.718547359306845
2025-07-22,2.6557268357536867
2025-07-23,2.6949170735835155
2025-07-24,2.7084636697733426
2025-07-25,2.7023249519332517
2025-07-28,2.7350987767017094
2025-07-29,2.7145125127273926
2025-07-30,2.7185814272567046
2025-07-31,2.7595980972847194
2025-08-01,2.7444694792514013
2025-08-04,2.7501464455116
2025-08-05,2.8065242901566423
2025-08-06,2.8030480845266768
2025-08-07,2.835350899794291
2025-08-08,2.8665383586325834
2025-08-11,2.911170425842193
2025-08-12,2.913903782745354
2025-08-13,2.917621799964324
2025-08-14,2.9419874062911013
2025-08-15,2.9647221511704953
2025-08-18,3.027531132739783
2025-08-19,3.00950382355801
2025-08-20,2.894982744714382
2025-08-21,2.9522011242935453
2025-08-22,2.931917553718045
2025-08-25,2.997883280002077
2025-08-26,3.011402795669775
2025-08-27,3.051000478906054
2025-08-28,3.0460483164591494
2025-08-29,3.068800417663021
2025-09-01,2.9655246346766684
2025-09-02,2.9263077458319344
2025-09-03,2.9740053973464433
2025-09-04,2.9398678427080025
2025-09-05,2.9867078512979335
2025-09-08,3.017082904140971
2025-09-09,3.0230048922175827
2025-09-10,3.0652756834819206
2025-09-11,3.018979054921034
2025-09-12,3.014193367285488
2025-09-15,2.974588135274505
2025-09-16,2.9983663071200484
2025-09-17,2.98183262062
2025-09-18,2.9993776023719607
2025-09-19,2.9937922408523776
2025-09-22,3.0220893409908256
2025-09-23,3.0217181532846005
2025-09-24,2.9984948077981137
2025-09-25,2.9667104894460454
2025-09-26,2.8861567692023544
2025-09-30,2.9598866918292956
2025-10-01,2.9618453766477852
2025-10-02,2.974207033001293
2025-10-03,3.0011977344601934
2025-10-07,3.0153553917880602
2025-10-08,3.0064079009321008
2025-10-09,3.0427870772698706
2025-10-13,3.009493463739326
2025-10-14,2.9413827350417834
2025-10-15,2.967534679652064
2025-10-16,3.021069373954697
2025-10-17,2.9879875778472327
2025-10-20,3.016184449978465
2025-10-21,3.035734629893947
2025-10-22,3.0196653700137515
2025-10-23,3.0102385952228334
2025-10-27,3.0808815387049284
2025-10-28,3.100874899052188
2025-10-29,3.127599796180351
2025-10-30,3.1219562971065824
2025-10-31,3.1399561688827955
2025-11-03,3.1772816610061736
2025-11-04,3.1338887440343766
2025-11-05,3.1374836081877997
2025-11-06,3.1875884870341324
2025-11-07,3.166635823079201
2025-11-10,3.1950165069482295
2025-11-11,3.208375520009844
2025-11-12,3.2481785474939273
2025-11-13,3.266773586514477
2025-11-14,3.218808574310636
2025-11-17,3.216303100271411
2025-11-18,3.1409742177215447
2025-11-19,3.114153923236473
2025-11-20,3.1749604543852286
2025-11-21,3.070085858741414
2025-11-24,3.0907447164152577
2025-11-25,3.135178110481628
2025-11-26,3.1600078380832985
2025-11-27,3.197392790316967
2025-11-28,3.2075397874205067
2025-12-01,3.173898150536309
2025-12-02,3.192851596298338
2025-12-03,3.1920332881548608
2025-12-04,3.194869943529697
2025-12-05,3.2241098917831845
2025-12-08,3.251374314075659
2025-12-09,3.279219789383341
2025-12-10,3.262401543738054
2025-12-11,3.2570496675769047
2025-12-12,3.2999628507378147
2025-12-15,3.29564876070288
2025-12-16,3.2319002567393325
2025-12-17,3.25669326933499
2025-12-18,3.2471919487358973
2025-12-19,3.2912991273684686
2025-12-22,3.3489964078663075
2025-12-23,3.3455311155017577
2025-12-24,3.364698843305029
2025-12-26,3.3801709908616644
2025-12-29,3.380112325230116
2025-12-30,3.3833167243916074
2025-12-31,3.3817012962192003
