date,p5,p25,p50,p75,p95
2022-01-03,0.998385,0.998385,0.998385,0.998385,0.998385
2022-01-04,0.9946918874430183,0.9971503032421379,0.9991779896877515,1.001049456832656,1.0021193643474287
2022-01-05,0.9858495832563395,0.9922601707975331,0.9940906802474605,0.9967427253684268,1.0043163926975598
2022-01-06,0.9793513823254905,0.9888602662063788,0.9917425520961956,0.9942765541059715,0.9984789370148635
2022-01-07,0.9654562799442126,0.9753017886554114,0.9791480660534537,0.9808716138670728,0.9895023999101418
2022-01-10,0.9739751289211,0.9778250920109198,0.9798989159691649,0.9842097084040324,0.9974106345238075
2022-01-11,0.961537478344161,0.9664364460866138,0.9695290033257524,0.9717403538479612,0.9859434251717574
2022-01-12,0.9573865281241876,0.9657159167910987,0.969384468989712,0.9746901673460109,0.987917140400744
2022-01-13,0.95897716539248,0.9632948484831239,0.9682310282475304,0.9741422410895564,0.9864774027117775
2022-01-14,0.9472758479276503,0.9527571541922237,0.9561564345268837,0.9652370167806165,0.9730088382328146
2022-01-17,0.9547963812111303,0.959698443934019,0.9662953847685434,0.9728746890748219,0.9821638460566082
2022-01-18,0.9563959641701233,0.9605031983608265,0.9651181160509019,0.9730461396025145,0.9844767462711543
2022-01-19,0.9515815145035634,0.9569777655582411,0.9609394686610624,0.971287886637913,0.9810095451775379
2022-01-20,0.954775288076143,0.9602850855164375,0.9640568758676494,0.9743109006308942,0.9833527027718911
2022-01-21,0.935713619958207,0.941566290366546,0.9474031100302507,0.9548845978983449,0.9604082129796032
2022-01-24,0.9278320063882223,0.9386777258950252,0.9445125499006579,0.9485023085384408,0.9562510940660012
2022-01-25,0.9106974462655429,0.9218122354600287,0.9301368083523547,0.9343869615248938,0.9436566195446477
2022-01-26,0.9147182101244408,0.9263640433763063,0.9330039884170913,0.9381863927386884,0.9458137212772094
2022-02-07,0.9365315892484735,0.942767497399574,0.9494575604278017,0.955650754516034,0.9646597989387595
2022-02-08,0.9452935650551784,0.954296058702121,0.960751580385087,0.9645653796784166,0.97550405521437
2022-02-09,0.9542400518490376,0.96535455071837,0.9704706887266166,0.976118026959111,0.9866636540426047
2022-02-10,0.9528663846215427,0.9637570182184901,0.9714501212871658,0.9761688148293438,0.9874815256668021
2022-02-11,0.9501113651241665,0.9629880679417582,0.9699935612672476,0.9751305593881683,0.9865852436486794
2022-02-14,0.9318344335096658,0.947542889123988,0.9566670523012998,0.964008821391749,0.9798595318918824
2022-02-15,0.9289237835552457,0.9480803002374695,0.9580561025385692,0.9659922502679548,0.9775956396321698
2022-02-16,0.9379795060469731,0.9595031898579692,0.9673657284775734,0.9737739845278996,0.9866183558208134
2022-02-17,0.935082114495194,0.9601326734220393,0.9695311748569007,0.9746727451726824,0.9899933470817689
2022-02-18,0.9392769859906739,0.9658487421921509,0.9733001584514249,0.9786982962996215,0.9977833694465259
2022-02-21,0.9496908214000408,0.9654206178500229,0.9784226185917044,0.9836452780734157,1.0036818747719967
2022-02-22,0.9351451332776252,0.9506071743862551,0.9636876089367403,0.967391988278556,0.9881335445767334
2022-02-23,0.943325940130475,0.9615354294278247,0.9717203994819514,0.9767176944627226,0.9978599765865944
2022-02-24,0.917696488529042,0.9375159590159517,0.9485361441180746,0.953903286003432,0.9714435684707303
2022-02-25,0.9249768032657198,0.9427369279076094,0.957314501313379,0.9616586315749909,0.9790235811540513
2022-03-01,0.9314834105728464,0.9490769579899612,0.9646484393225319,0.9722247158524326,0.9872998669452805
2022-03-02,0.9348662349087836,0.9531850183306858,0.9667902828811902,0.9742127684233073,0.9880019899066231
2022-03-03,0.938725290938818,0.9571638581473817,0.969171121889169,0.9791224722825514,0.9867466315602218
2022-03-04,0.9281873508310684,0.947446502653419,0.9621034202758596,0.9728586870925878,0.979946269942645
2022-03-07,0.9013760883596103,0.9252360788212077,0.9339875664503141,0.9418804696654448,0.9557585318832172
2022-03-08,0.8841736799329936,0.9069493336046303,0.9143140397698717,0.9210086915820301,0.9351415233516797
2022-03-09,0.8946278770297613,0.9196364601439586,0.9303775261003726,0.9378053555597999,0.9498666800514287
2022-03-10,0.9080330228267101,0.9338749383950513,0.9463848443620737,0.9511006415636312,0.9636015085008948
2022-03-11,0.9066388009249673,0.9299470613642106,0.9432708707427473,0.9461870686199831,0.9560251141240902
2022-03-14,0.9149204270350416,0.933211441626859,0.9460436515362708,0.9507480353138851,0.9617176803230614
2022-03-15,0.9023248302610273,0.9184018380379507,0.9287009945023719,0.9348668377932848,0.9469697664215118
2022-03-16,0.9041313500335977,0.9198077594193403,0.927160537650037,0.9362146585540727,0.9511953477445481
2022-03-17,0.9185836562995234,0.9398224801664046,0.9468267607766981,0.9539515768071991,0.9692509870446859
2022-03-18,0.9248423099453447,0.9421346977256965,0.9498576279147257,0.9600906545834369,0.98132178737916
2022-03-21,0.9321944960844497,0.9482662562236028,0.9563515709837009,0.9674801402498234,0.9859086961804076
2022-03-22,0.9364123265622388,0.9521425981274341,0.9596976178025854,0.9714919378589725,0.9916866221016194
2022-03-23,0.9389977416454837,0.9554833078607157,0.9657316550979751,0.9737175851963598,1.000261535818201
2022-03-24,0.9416923058441956,0.957474753128509,0.9675635000774823,0.9775086285280986,1.002263920619674
2022-03-25,0.9349394296660112,0.9528687772002623,0.9625803982764813,0.9705601889728854,0.9960256442899862
2022-03-28,0.9305526156667151,0.9491767852479583,0.9604415800957006,0.972310629104904,0.9939861631266952
2022-03-29,0.9299750357302109,0.9501164202879787,0.9627858166475467,0.9726538685821713,0.9945637092869085
2022-03-30,0.9385741389943462,0.9560523927543837,0.966463713778433,0.9808835383577326,1.0054976319955315
2022-03-31,0.9343468969373155,0.9546101131345865,0.9619611584463824,0.982187103087315,1.0024461637085602
2022-04-01,0.9250347703853272,0.9505117564967432,0.9574510728535482,0.9763418092590015,0.9969330172506771
2022-04-06,0.9247724943000528,0.947333744447194,0.9583604438155948,0.9728673171613507,0.9938951708849635
2022-04-07,0.9089808402111076,0.9297819210044642,0.9424616457098922,0.9531099593834838,0.9777150622488754
2022-04-08,0.9170179518505011,0.9358871032595448,0.9567554625898727,0.9615222460678888,0.987338144411041
2022-04-11,0.9043770414063118,0.9235174663258218,0.9455815204398588,0.954506721443092,0.9712531077302968
2022-04-12,0.9028932766305261,0.9199630581872835,0.9427116091168579,0.9542831993152525,0.9698482528769711
2022-04-13,0.9196331274647945,0.9339776538340341,0.9555075624167555,0.9673779149825866,0.983418928489683
2022-04-14,0.9193674778288271,0.932866986638456,0.9574116897642811,0.9715940939511742,0.9828441035201567
2022-04-15,0.9118661964715605,0.9254914823502125,0.9501328484773697,0.9672605941051975,0.977359195545844
2022-04-18,0.9045229336605568,0.9201156052501487,0.9440957535027421,0.9632687011539859,0.9735618936721193
2022-04-19,0.911975613875547,0.9254921240186336,0.9449591327012117,0.9678160429343419,0.9796776842096723
2022-04-20,0.918566920519173,0.9298211042071095,0.9502120066249985,0.9685528137164123,0.9855634010236733
2022-04-21,0.9220404552469313,0.9315514425612366,0.9549722701726691,0.9734938090451053,0.9888871297501286
2022-04-22,0.9217090322451459,0.9347607105814291,0.9490998334239169,0.9752942370667484,0.9881583730069826
2022-04-25,0.8917402229041889,0.9078264159883307,0.9173697710456484,0.9449435790836178,0.9597857998647875
2022-04-26,0.8918702898226389,0.9063752908049039,0.915303239938418,0.9450469741793455,0.9601540406048975
2022-04-27,0.8816604935190141,0.8947432642640979,0.9017041035151803,0.9298279320841125,0.9518614167525216
2022-04-28,0.8874460938279066,0.8981797532534501,0.9079687464144058,0.9365981628624511,0.9533825094158527
2022-04-29,0.8926889059119605,0.9042458873721595,0.912693225751037,0.9431495315318712,0.9565766090190215
2022-05-03,0.8847989973742137,0.8987383490531222,0.9060133380766068,0.9344457202477896,0.9521157547470088
2022-05-04,0.8801712725943686,0.8983586334891693,0.9055507523076431,0.9380460730018697,0.9534854122735252
2022-05-05,0.8871339865787091,0.9065782982755684,0.913733838931502,0.9458085851616719,0.9583245461463862
2022-05-06,0.8779483502895383,0.8964405964091466,0.9040555555297017,0.936175290559009,0.9510744812010851
2022-05-09,0.8492462352315624,0.868200117778064,0.8842505491929287,0.9130678347486791,0.9262747302853382
2022-05-10,0.8466421390262268,0.8739808317918958,0.8851681093932537,0.9212067904886396,0.9349062354905566
2022-05-11,0.8415625699057935,0.8683919054447462,0.878851505148211,0.9151266556719002,0.9280762618538476
2022-05-12,0.8232044784003247,0.8479413965106762,0.8593548710960897,0.8922039476996355,0.9027741159567265
2022-05-13,0.832382766699741,0.8604847890972349,0.8715861876320014,0.9079663762296588,0.9188443523488998
2022-05-16,0.8340714534515863,0.8648311513000388,0.877892899162616,0.9118566275441656,0.9248470877046536
2022-05-17,0.8445795439525287,0.8706338303690583,0.8869172451647704,0.9238833160549427,0.9367285933555507
2022-05-18,0.8513437445064191,0.8796663332029646,0.8976109022541869,0.9318572599040786,0.9453340258051404
2022-05-19,0.8483277102579071,0.8780512102654113,0.8982092292545696,0.9276118344280028,0.9419428768137013
2022-05-20,0.8542348594664737,0.8837350461334895,0.9027183998691479,0.9333791584028437,0.9529540736922897
2022-05-23,0.8616895256422236,0.8884803873696512,0.9072539851412305,0.9377366942403699,0.9582124866853647
2022-05-24,0.8558132531690701,0.8800635199635533,0.8940323362236795,0.9283495207137449,0.9474870408737334
2022-05-25,0.8622815806093191,0.8832471784540831,0.9027527773072085,0.9355805665728151,0.9602255968480504
2022-05-26,0.8576744365014358,0.8775816629026494,0.9023477088371183,0.9328655725680406,0.9597561736360772
2022-05-27,0.8654503911960464,0.8858075143269604,0.9119690133284459,0.9432603924309282,0.9691500947600086
2022-05-30,0.8752971169192004,0.8956049627998413,0.924465571443123,0.9563887542600215,0.9821700795578726
2022-05-31,0.8785380042692075,0.8992617246575718,0.9273502608153781,0.9550893187825105,0.9834532965066386
2022-06-01,0.8784627105687112,0.896806188791678,0.9256326986021453,0.9551745170286268,0.9817639552128546
2022-06-02,0.8783625488596573,0.8963196500958234,0.9258404044443821,0.9470997166342346,0.9809846760480951
2022-06-06,0.8794200633237351,0.8962242528547033,0.9293890236918665,0.9480633922581354,0.9875594814911762
2022-06-07,0.8826096998563032,0.8982761934709117,0.9301578128805225,0.9470276987612043,0.9875533335173221
2022-06-08,0.8827987124992815,0.9005971764247135,0.930634291927374,0.9524752262941086,0.9869803688353225
2022-06-09,0.88619756284485,0.9028340223396973,0.9310957584850343,0.9586431668434336,0.9863020076256145
2022-06-10,0.8848045223575378,0.9041385122089468,0.9270875683105358,0.9605637670882261,0.9877220589747039
2022-06-13,0.8682017331620073,0.8860832576371753,0.9081443386698005,0.9422266539900327,0.9674750881605539
2022-06-14,0.8657145510738276,0.8856782885763008,0.9043582101082968,0.9396046067350069,0.9614154445024246
2022-06-15,0.8645898718445281,0.8902866998446364,0.906928215165629,0.9428269079007349,0.9653442850091433
2022-06-16,0.8488900819774617,0.8738282245167962,0.8939788452000796,0.9250287103983156,0.951384903600934
2022-06-17,0.8437859367178578,0.8666844873126145,0.8864849915534505,0.9183158156916448,0.9425172113048721
2022-06-20,0.8167012988027131,0.8377661625670758,0.8582531553885726,0.8845947087624446,0.9107555040070553
2022-06-21,0.8389173212840877,0.8661139061208355,0.8800609871997538,0.9090946873318132,0.9394050485178457
2022-06-22,0.8180625481872342,0.8408913640781415,0.8582779044871882,0.8844430368342233,0.9108380714233033
2022-06-23,0.8167062368061672,0.8425256358996058,0.8555953493169017,0.8822608221918448,0.9111913533300225
2022-06-24,0.8255511135002137,0.855505212238068,0.8672065773218451,0.8927130973263606,0.9258517692487199
2022-06-27,0.8385363601282233,0.8723563057477737,0.8870033566289287,0.9123078588859501,0.9448666768015884
2022-06-28,0.8289211618788899,0.8594015235868802,0.8777360082681369,0.90408154408811,0.9330512270730064
2022-06-29,0.8278412876696501,0.8532308815822801,0.8721416390699614,0.9016481999541218,0.9279739541979911
2022-06-30,0.8050503601869429,0.834899950170144,0.8518782598254587,0.8784820906978493,0.904623336864842
2022-07-01,0.7695704388647756,0.7971496763936842,0.8159783278943814,0.839186021009681,0.8757384408580097
2022-07-04,0.7705206847259838,0.7980165628192245,0.819122972944575,0.8418775634077389,0.8668186562678121
2022-07-05,0.7781759906436062,0.8099764942869345,0.8349849886721671,0.8545075564060418,0.8788767019892855
2022-07-06,0.7596558169523854,0.7903711715981894,0.8156090095568715,0.8345663465047963,0.8637795821486738
2022-07-07,0.7730275945762538,0.7990968731155703,0.8333022270025477,0.8516847553306305,0.875385047925261
2022-07-08,0.7813730630576299,0.8037941588170149,0.8432506933530096,0.859778680698772,0.8846830473089116
2022-07-11,0.7791152805691439,0.8026514162162267,0.8415468637823322,0.8583518792366791,0.8783707639109162
2022-07-12,0.7569372648656315,0.7805745183988975,0.8131506897932141,0.8376383646417846,0.8529336657356655
2022-07-13,0.7694123407199259,0.7918289251466697,0.8294694874445396,0.8534741177545897,0.8694421297074563
2022-07-14,0.7757961238756091,0.7970733401562491,0.83834193818973,0.8653469312713117,0.8824214514246361
2022-07-15,0.7790732603959224,0.7980721030732029,0.8363471126426509,0.8653985903408514,0.8893240782010743
2022-07-18,0.7862980768906596,0.8101375820635429,0.8507033363261519,0.8745269366377599,0.9037413670854709
2022-07-19,0.790115891877791,0.8139114909924673,0.8613533981883913,0.8821292632606036,0.9045194781295572
2022-07-20,0.7914552400957212,0.815856011708464,0.8640769344155803,0.8827465253017108,0.9107338202002055
2022-07-21,0.7982234805932341,0.8237660420119925,0.8710967708382824,0.8917115921832685,0.9201006912929821
2022-07-22,0.7976987864434278,0.8231467600761084,0.8739552718761964,0.8912050855735935,0.9171359914719827
2022-07-25,0.8017905673319456,0.8281829583432413,0.8778382881075105,0.897392064901495,0.9193411052155946
2022-07-26,0.7976585676390905,0.8218213568655286,0.8740862060425811,0.8912919550231021,0.906503007197614
2022-07-27,0.803798840363857,0.8254039702324061,0.8781874650127711,0.8962499772290725,0.9197112455897843
2022-07-28,0.7991602049265553,0.8221600007448707,0.8743870889747722,0.8934028681933581,0.9203343484082379
2022-07-29,0.8080312939860281,0.8271907108330762,0.8826657361201176,0.9018529115731659,0.928408306209742
2022-08-01,0.808569996513053,0.8265553645425482,0.883723329749132,0.901959530675296,0.9328242950793862
2022-08-02,0.7983118998951423,0.813029076484735,0.8711156544951882,0.8908888403989579,0.9191935047638569
2022-08-03,0.791951973946515,0.8064898664415883,0.8619478594853727,0.8832526776049625,0.9085085792793952
2022-08-04,0.7885345057260192,0.8008499065035236,0.8612393475376194,0.8817697688247842,0.9034437521958893
2022-08-05,0.8057675618171226,0.8161562050584678,0.8718991557661708,0.8940920636862825,0.920643653899085
2022-08-08,0.8103024387988859,0.8196126261709649,0.8735112547734525,0.8961944029805611,0.9262803234710342
2022-08-09,0.812452255344927,0.8252563056743087,0.8798162621693298,0.9047195765967582,0.9332118449029474
2022-08-10,0.8103308060437409,0.8304025659382491,0.8856472770674924,0.907815337794215,0.9304980602170194
2022-08-11,0.8066153388266663,0.8335395233332769,0.8925522841808933,0.9128329320130819,0.9398714708151377
2022-08-12,0.813285407856615,0.8386091663569846,0.8959981696157787,0.9211314131149476,0.9473192411926304
2022-08-15,0.82139313800766,0.8424216629547592,0.9039347291032254,0.9252480023948868,0.960142939281725
2022-08-16,0.827056006136735,0.8481464934979844,0.9038751757275865,0.9254299828039445,0.9593951532794833
2022-08-17,0.8321510182279186,0.8513054343600572,0.9098776407336469,0.9290772370524191,0.9651894148610357
2022-08-18,0.837899605000192,0.857833807802541,0.9128470504072601,0.935573289643842,0.9718696594438744
2022-08-19,0.8399848598980147,0.8611837362999565,0.9198502039908506,0.9389151660638795,0.9768760551753787
2022-08-22,0.8379369674621422,0.8596685008215514,0.9161674331480343,0.9365385538812722,0.9741634490359519
2022-08-23,0.8339315854623188,0.8560620931483875,0.9144795694505897,0.9307608570939246,0.9666784668679272
2022-08-24,0.8374963286288402,0.8631765340089481,0.9182689016594183,0.9288213794890359,0.9733290871767531
2022-08-25,0.8495027526812312,0.8678014664761828,0.9241263571855831,0.9374623284589386,0.9867527665897343
2022-08-26,0.8534531107188015,0.8738486357442555,0.9273488282514052,0.9454375214164041,0.9931475525211395
2022-08-29,0.8372016443222681,0.8566368829134948,0.9093367170591083,0.9297394456435076,0.9787262685308684
2022-08-30,0.8446149418073943,0.8652672849971006,0.918462561643709,0.9395099437545196,0.9876520825166899
2022-08-31,0.853958895905978,0.8734360096755701,0.9224823205026813,0.9452650370266357,0.9933815524245142
2022-09-01,0.839974222684143,0.8602465677398566,0.9064593381775864,0.9344561741985733,0.9759280327017137
2022-09-02,0.8422211525112148,0.8587799192320431,0.898311046574932,0.9307545846719758,0.9730779276603538
2022-09-05,0.831487053755163,0.8537032235366665,0.8922393741239032,0.9229660925837714,0.9638492997828845
2022-09-06,0.819090250004491,0.8431802406988673,0.8768879906136721,0.9134628838798956,0.9546245363428266
2022-09-07,0.8143188555210311,0.8356447788985776,0.8717365442009906,0.9044870827414797,0.948591390539183
2022-09-08,0.8257392963258016,0.8468983546847031,0.8836340103023879,0.921501508262588,0.9592104293689275
2022-09-12,0.8322903024986175,0.8534815907928298,0.8908495576821944,0.9288515630514158,0.9671347163489377
2022-09-13,0.8344299746072706,0.855569266185476,0.8924679392878061,0.9298705183482354,0.9668416788546255
2022-09-14,0.8307571449896757,0.8510948879302022,0.8881702634856978,0.9259499203562424,0.9630217794400577
2022-09-15,0.8293937559855061,0.8570888139970831,0.88997760713256,0.9282228658713002,0.964613535724102
2022-09-16,0.8221497323750971,0.8503594939702404,0.8836898393158955,0.9247428722081257,0.9636067494319766
2022-09-19,0.8158424202260637,0.8417291561824961,0.8719710312960898,0.9093761998762522,0.9533655953569431
2022-09-20,0.8219445866625669,0.849081528551347,0.8763870259930562,0.9136235444475623,0.9648470480312246
2022-09-21,0.8171790337963999,0.8438334571258224,0.8688335129915816,0.9053587637032506,0.9567571536803261
2022-09-22,0.8159144769960592,0.8464511617271456,0.86745052735074,0.9057112700393571,0.9567331988368727
2022-09-23,0.8049285966402498,0.834233387447213,0.8572832310211912,0.8965702957242305,0.9436972436444517
2022-09-26,0.7752629648839463,0.8021227271428091,0.824037361594778,0.8610028837357763,0.9094441018982511
2022-09-27,0.7847159693516225,0.8091623355911897,0.8336497463006682,0.8704225991132248,0.917451654044103
2022-09-28,0.7544975808903939,0.7788050843321477,0.8014897716425513,0.8340666917172241,0.8801562916116822
2022-09-29,0.765925818343626,0.790701382905612,0.8151915988850076,0.8440218068374487,0.890261888312079
2022-09-30,0.7710798240014182,0.7987795757402019,0.8209428467679595,0.8499396416182331,0.8934229650260063
2022-10-03,0.7659595165386823,0.7922407622867356,0.8192280315967237,0.8421602662166435,0.893771640262258
2022-10-04,0.7754864838595946,0.8066447955156656,0.8315899465166636,0.854986953633856,0.9087163463708416
2022-10-05,0.7745534522741856,0.8100031544562818,0.8337433498730618,0.8543531632338456,0.9082031178537895
2022-10-06,0.7792402738358839,0.8108420919321737,0.8363512139677538,0.8567213685447455,0.9076926845831693
2022-10-07,0.7776473130040745,0.8081358080865813,0.8346164244813953,0.8524133135062538,0.8995690857655217
2022-10-11,0.7503822317953128,0.7832022700315092,0.8069004445993512,0.8233322312056611,0.8696474722847152
2022-10-12,0.7469026087600124,0.7841146684578844,0.8087549839179328,0.823831173337191,0.8716736571346313
2022-10-13,0.7204582774729185,0.7516127973377271,0.7777161244898241,0.7891811925013059,0.8391655721939423
2022-10-14,0.7409168167391574,0.7752488921512276,0.7988098479083949,0.8112225522459791,0.8594707594993904
2022-10-17,0.7394058549771539,0.7695715409524575,0.7904643300042946,0.8064829587490047,0.8656508041778613
2022-10-18,0.7475966508520726,0.7760102552756479,0.7962543812275642,0.8121208158340874,0.8740868486995265
2022-10-19,0.74492663642519,0.7722927416084068,0.7920109203376936,0.8102854632488721,0.8747774146971498
2022-10-20,0.7345599447796444,0.7670244158420787,0.7852205382431063,0.8033781829232933,0.868941460240543
2022-10-21,0.7271511024081865,0.7572199567119464,0.7755748716453558,0.7976272093776909,0.8588406159102805
2022-10-24,0.7349049958959896,0.7643487385868977,0.7831994809809248,0.8036297881794318,0.8639704256045896
2022-10-25,0.7272152000268133,0.7543305105452625,0.7763176647904716,0.7943863533233836,0.8521479320506086
2022-10-26,0.7255922636655864,0.7535072967533173,0.774857506475946,0.7927740185391949,0.8481097997917718
2022-10-27,0.7414208739753033,0.7657708905973857,0.7880875759566,0.8079092888458719,0.860399997114811
2022-10-28,0.7277920237222252,0.7535100746678034,0.779724773886741,0.7955349332649969,0.8486225932492563
2022-10-31,0.7355550469657591,0.7608828575344373,0.7882416799950538,0.8057872436841086,0.858053553480751
2022-11-01,0.7418898978725778,0.7659399266915657,0.7926541135712188,0.8101877476630548,0.8615945397465771
2022-11-02,0.7501826895153324,0.7720457169527974,0.7993910971050475,0.8180627286450806,0.8704177957934931
2022-11-03,0.7497659823445207,0.771897876662716,0.805111471331398,0.8209864126635054,0.8721096284783426
2022-11-04,0.7560058172386469,0.7842663896283968,0.8103147845809093,0.8269964762608737,0.8818424477557735
2022-11-07,0.761350938364244,0.7942694153635979,0.8224704020536904,0.8383170167501232,0.8877968492669795
2022-11-08,0.7632444779215751,0.7959292476830544,0.8218921370833825,0.8418206416446452,0.8912795131614105
2022-11-09,0.769625485406694,0.802854156844343,0.8334148419663607,0.8527965995301532,0.8945370485844192
2022-11-10,0.7641320242392552,0.7980649684482803,0.8269542229095366,0.8493131450338715,0.8917675445139053
2022-11-11,0.7678892112170834,0.8009336822092175,0.8322831656655685,0.8522662506553242,0.8948079594698645
2022-11-14,0.7772968257608038,0.8109468195871378,0.8399807489983391,0.8595279518243386,0.9044733222716466
2022-11-15,0.7808164522532784,0.8142414259348535,0.8420157306824065,0.8645329379276576,0.9071837363210637
2022-11-16,0.7767156826480736,0.8077761054563961,0.843772075687232,0.865560500883957,0.9052935326903998
2022-11-17,0.7857585131248859,0.8185656757413037,0.8544078786265391,0.8751697940495069,0.9196426422124971
2022-11-18,0.7839123911364619,0.8144799880777688,0.8505223401940218,0.8720386354911358,0.9206033736926482
2022-11-21,0.784728550958566,0.8139596825157225,0.8491733706563864,0.878301419450032,0.9269479788947942
2022-11-22,0.7812132284543982,0.8138638499533228,0.8467780142900359,0.8766365526020938,0.9235917836987886
2022-11-23,0.7857990170574978,0.8217433116599282,0.854059138816525,0.8822491564649511,0.9257868361223158
2022-11-24,0.7940119489106519,0.8287245579630957,0.8594341751808617,0.8861809611931025,0.9289181955888968
2022-11-25,0.7936024913402442,0.8244407618420797,0.8547650435165925,0.8796123727026787,0.9247272065866952
2022-11-28,0.7959538185201822,0.8317361894132136,0.8599224247670995,0.8842160785201263,0.9369381778747956
2022-11-29,0.8006677993033087,0.8400350936238778,0.8633094496413292,0.8875180667857636,0.9458316846994717
2022-11-30,0.8107871117249658,0.8480187015674924,0.8735373147910086,0.9016113088651865,0.9586433983841258
2022-12-01,0.8095822363423413,0.8552526779823589,0.8793910057911987,0.9054579413182853,0.9607759034893538
2022-12-02,0.8125651110116553,0.854622579407167,0.8860104888913058,0.9111479327211692,0.9628485051311558
2022-12-05,0.8178352921563143,0.8596118019560259,0.8909142047699921,0.9137777564056954,0.9702742931220081
2022-12-06,0.8062016589166064,0.8496473272632891,0.877869399574193,0.9004865264153075,0.9577849072456959
2022-12-07,0.8014865556706396,0.8410430106056475,0.8656365012845463,0.8919087695678786,0.9525700294323607
2022-12-08,0.8030454051880362,0.8469417419512113,0.8721795297902799,0.8932031379073424,0.9530128532599461
2022-12-09,0.802787488280636,0.8459580337781983,0.874804733309879,0.8965502619877829,0.9586355888460864
2022-12-12,0.8038670479603982,0.8442177881142547,0.8719941082793523,0.8937804350595464,0.9629866334970828
2022-12-13,0.8107153339403989,0.8482442884045999,0.872244791771599,0.893480622725611,0.9620969415928375
2022-12-14,0.8175319481565957,0.8558973535395578,0.8795170566977146,0.8999273085860475,0.9701310799023688
2022-12-15,0.8214146699268751,0.864243220025645,0.887264752340412,0.9061039094738274,0.969094850476474
2022-12-16,0.808842893894869,0.8542635284621206,0.876038389935929,0.8980020385231371,0.9607372100230775
2022-12-19,0.8063327702128248,0.8470191415082087,0.8683817392655029,0.8890399544096059,0.9597149374097907
2022-12-20,0.7953475528883105,0.826359710006703,0.8484748854632633,0.8715674409746759,0.9348775710064696
2022-12-21,0.7991154702710296,0.8345612995519835,0.8536431633841546,0.8763683579639843,0.9381343487920182
2022-12-22,0.8052262800576427,0.840337645868749,0.8605236606790614,0.8860205128742524,0.9440977806626023
2022-12-23,0.8036062925353871,0.8372765487189238,0.859713992980923,0.8863008285562403,0.9448666635250965
2022-12-26,0.8058963143017271,0.8371005313067371,0.85802754418482,0.8897458151467965,0.9513710107185951
2022-12-27,0.8067589834695722,0.8411043668595183,0.8616597701869699,0.8915594580802422,0.9479122700380951
2022-12-28,0.7948614375632226,0.8280423236121354,0.8504365785142469,0.880017359612867,0.9403516507948658
2022-12-29,0.7948047569996736,0.8242064724312486,0.8484744683829633,0.8793535488955945,0.9409773570316875
2022-12-30,0.7952895318688838,0.8253815399083625,0.8504102684938648,0.8810783827351755,0.9439175440199268
2023-01-03,0.7932434923598599,0.8242215185471555,0.8490925758955398,0.8793551470581674,0.9411670009348119
2023-01-04,0.7967396567086422,0.8268273433789263,0.8537092791304215,0.8845812030110094,0.9441307978968673
2023-01-05,0.7924874003211683,0.8283888666704504,0.8543210323186132,0.8846508675803173,0.9446783449143393
2023-01-06,0.7953131888831461,0.8267374812367791,0.8540362511051656,0.8867164384190074,0.946516377709571
2023-01-09,0.8026046462165899,0.8311140679753737,0.861063167144744,0.8893786414739081,0.9535885240419921
2023-01-10,0.802531930094376,0.8282053954965063,0.860021594202909,0.8892750371361405,0.9515532430025723
2023-01-11,0.8010905255252098,0.8281626566942165,0.8588170837120181,0.8864308842613771,0.9521998665130682
2023-01-12,0.7978371272490655,0.8255057268343824,0.8556229851800313,0.8800588486109373,0.9476430607077959
2023-01-13,0.7948593289782205,0.8247967460167982,0.8525098406111193,0.8765914033275108,0.9441516703701307
2023-01-16,0.7996289409749644,0.8256442046043067,0.8544069626380896,0.8792727472168438,0.9450138875631157
2023-01-17,0.802975757061813,0.8275161814313361,0.8572776068501236,0.8816227580110354,0.9475329090968788
2023-01-30,0.8172766944277785,0.8408243970660962,0.8712567864219959,0.895139842578883,0.960111868508912
2023-01-31,0.8291010254324476,0.8511030808891107,0.8804305608243683,0.9054592520237901,0.9676197646687308
2023-02-01,0.8297713422482805,0.8540424506157155,0.884775196546701,0.9113798013722647,0.9706159664472114
2023-02-02,0.8364035317385642,0.8640856102283637,0.8951551885915381,0.914188077725029,0.9779373985193864
2023-02-03,0.8350512924674416,0.8643294963002243,0.8937875757043832,0.9131235783270608,0.9754155057317437
2023-02-06,0.834551811872041,0.8659782432099853,0.8936707634096771,0.9131761368267185,0.9753930105157675
2023-02-07,0.8412270026216078,0.8688384390350012,0.894773841720654,0.9169791858655392,0.9777905693320251
2023-02-08,0.8444317551115452,0.8702357324361877,0.8978279699949671,0.917063814873279,0.9792647851174489
2023-02-09,0.8430572760272435,0.8708754238281229,0.8964851195748937,0.9134471078223245,0.9826208692817607
2023-02-10,0.8371273118647568,0.8630414633855854,0.890789707908508,0.9081490700273255,0.9745948434362087
2023-02-13,0.8368998665567486,0.8655614776197338,0.8870045736491077,0.9122882153048726,0.9752485190168192
2023-02-14,0.8422767484276253,0.8716853547808944,0.8890616926166981,0.9140329836311826,0.9908048513595336
2023-02-15,0.8420677013030444,0.8714571649288226,0.8892868221551812,0.9136148736408514,0.9882203370287901
2023-02-16,0.849369141718683,0.8804244343498119,0.899442588544167,0.92078096759323,0.998858013888491
2023-02-17,0.852947845772106,0.8841454953913503,0.9038933221623342,0.9238913052096338,1.0045371645808834
2023-02-20,0.8587832501504523,0.8914364746198304,0.9111742034378452,0.9338118126319085,1.0144022400793722
2023-02-21,0.8558486099736669,0.8937439846123126,0.914281087734423,0.9387728551112096,1.0204954676630713
2023-02-22,0.8499114560424453,0.8881042206909174,0.9109498041362132,0.9368630598435264,1.0096196847123386
2023-02-23,0.8574614991855872,0.8988397588055953,0.9194126056414756,0.9463150822643633,1.0218544236554465
2023-02-24,0.8526977633078311,0.8963679188125573,0.9149330112225493,0.9452665026441287,1.0153361193715815
2023-03-01,0.8432679716159166,0.8932148914411728,0.9120753501041481,0.9375937029743897,1.0027509680939597
2023-03-02,0.8485101211610893,0.8956445210933544,0.9184752296994803,0.9399752710076741,1.003683231805261
2023-03-03,0.8571355315627892,0.9012886095510486,0.9247013953671587,0.9447715595464737,1.0063605353522356
2023-03-06,0.8645995718895844,0.9068900839262276,0.9332877267765772,0.9557845353809247,1.0157503473494196
2023-03-07,0.8728573546654513,0.9117140768879894,0.9350867723345122,0.9595137568423395,1.0167459655825095
2023-03-08,0.8774029468680293,0.9136254491836608,0.9383960803199496,0.9643848595450016,1.019745930451655
2023-03-09,0.8764028085591538,0.9082231327950687,0.931450703378719,0.9574960898374747,1.0147990554946562
2023-03-10,0.8668863683843718,0.894387267805252,0.9170075745898241,0.9412900282369098,0.9973274584058016
2023-03-13,0.8616346112476121,0.8895061814848493,0.9122171693427639,0.9387582295781067,0.9950710197980844
2023-03-14,0.8558833775491399,0.8812571059739689,0.9059687927146471,0.9346523542815254,0.9876813740556033
2023-03-15,0.8597436757066205,0.8820640806459642,0.9101121876258977,0.9351214292229683,0.9937193759812117
2023-03-16,0.8430485480928748,0.8694774402093205,0.8925831507500963,0.9188506680306745,0.9787981588243765
2023-03-17,0.8532414761769931,0.8832051431043865,0.9050461297245851,0.9301868777157973,0.9917721721176507
2023-03-20,0.8641136802871914,0.8877207466935156,0.9124742287589087,0.9416280064299916,0.9945536082524502
2023-03-21,0.8691258394514357,0.8933556328619379,0.9178281610451837,0.9520383185676233,1.0040850426662402
2023-03-22,0.8761029896960422,0.8996675961183211,0.924258957141781,0.9578769716527434,1.0095169556623533
2023-03-23,0.8772075859359948,0.9025250997338201,0.9278005710469039,0.9610956406027407,1.0121250672454611
2023-03-24,0.8799131598787802,0.9050532681241275,0.9307729093345651,0.9646429282695457,1.017685891943411
2023-03-27,0.881512947696032,0.9061725009373063,0.9293459306487691,0.9630252681386052,1.0160613476196385
2023-03-28,0.8742651049706662,0.8965006257269278,0.9217725344971808,0.9556974448940395,1.0062700560326625
2023-03-29,0.8753227217916527,0.8968586639949147,0.92162022272464,0.9568705168325995,1.0097982569623312
2023-03-30,0.8784053304923451,0.8972514565480835,0.9253476842569249,0.959078759986173,1.01220584027289
2023-03-31,0.8830181539648407,0.9040836174672622,0.927379585622024,0.9615911064432061,1.0144035290132492
2023-04-06,0.8836990726805231,0.8981014049991471,0.9268922497611163,0.9607173036284824,1.0109162989525202
2023-04-07,0.8856556022092205,0.9010435656816189,0.9306919896142918,0.9625448569671939,1.0146693134026785
2023-04-10,0.8888804099692453,0.9043236855812987,0.9367437180723268,0.9659508767716758,1.016233850257796
2023-04-11,0.8939964118845004,0.9078975768339519,0.9390660393066681,0.9670343790058022,1.0200956825552647
2023-04-12,0.9003526079203386,0.9146138953540065,0.9452162227818572,0.9766549236826849,1.028733409765443
2023-04-13,0.8977861665260837,0.911738517250085,0.9410921287772926,0.9765423641197393,1.02669707162877
2023-04-14,0.8985516420446397,0.9181887398891759,0.9456767914033919,0.9821718585530486,1.0352384550688425
2023-04-17,0.9041908827769274,0.9288112607518104,0.9588062028094955,0.9910678429224498,1.0474964016517994
2023-04-18,0.9055051485575605,0.9301843800244156,0.9572016950733044,0.9877538100426637,1.046040197939302
2023-04-19,0.9029896569849808,0.9333531055542164,0.9582323734267395,0.9895046294574942,1.048901608342343
2023-04-20,0.8940221348301644,0.9187235227740272,0.9475829836789633,0.9718561628491121,1.0272570852153662
2023-04-21,0.879906604811162,0.9039176585004027,0.9312086039233529,0.9547142083460554,1.0110050992959183
2023-04-24,0.888036324093609,0.9131670192131349,0.9424110256138862,0.9633360597569057,1.025396480611884
2023-04-25,0.8744737709093554,0.894043020630983,0.9242708315618121,0.9480160860074833,1.0066163251592048
2023-04-26,0.8779613913500378,0.8979959297297431,0.9309199499357136,0.9496960428589343,1.0137784755047998
2023-04-27,0.8843674984684516,0.9044119850668312,0.935132364870201,0.9559266138753106,1.018736602478406
2023-04-28,0.8915254534004767,0.9134461613558484,0.9455759488638575,0.9672408310417908,1.0325044849811833
2023-05-02,0.8920513815287856,0.914417028174061,0.9554700760012624,0.974380289682188,1.0334242532096567
2023-05-03,0.8859000662771721,0.9110185103552261,0.9529568420163637,0.9732875425097098,1.0288969016171645
2023-05-04,0.8860694845554652,0.9157958253859405,0.9550113729722678,0.9821611807036106,1.0388692182530463
2023-05-05,0.8878718844227652,0.9137245835555704,0.9583273107378751,0.9847829179122833,1.0405407250395249
2023-05-08,0.8896608708788629,0.9166887705309248,0.9614229499076017,0.9828363504037908,1.0419465782664294
2023-05-09,0.8815673380367444,0.9066274002557306,0.9531493787185696,0.9687748508403601,1.0291404892214953
2023-05-10,0.8860043368124728,0.9104073171698087,0.9534378500765395,0.9719687224645563,1.036763052754182
2023-05-11,0.8686240391992989,0.8928231251379569,0.9331466532754413,0.9565974652350169,1.014548526259704
2023-05-12,0.8710193370976707,0.8971722636407897,0.9430494497183006,0.9615552613439199,1.0229768491433429
2023-05-15,0.8620012511822314,0.8980530252739688,0.9384865863324591,0.9610942791669662,1.0172788267557358
2023-05-16,0.8711612951364067,0.9056434231704659,0.9479690842379391,0.9721673547406188,1.0261920527383903
2023-05-17,0.881512412036033,0.9158784957657524,0.9555626390193219,0.9814643863234812,1.035160863688006
2023-05-18,0.8837696547648709,0.9164907571379615,0.9564739451426911,0.9872796917102059,1.0379356936154
2023-05-19,0.8879424543505552,0.9165082276948606,0.9543328191159748,0.9890673073850896,1.0449649575696007
2023-05-22,0.9035626645829367,0.9262005824862094,0.962252914617295,0.9980995438038471,1.056137810442528
2023-05-23,0.9114238073141007,0.9284623487181667,0.9650499988259693,1.0055846121263143,1.0603891813984576
2023-05-24,0.9153148203035156,0.9308798385372739,0.9643104101642205,1.0072130376054096,1.0632041871073334
2023-05-25,0.9069716905401651,0.9278201219197966,0.9612048930553073,1.0020551894589966,1.0685282846078197
2023-05-26,0.8992010539925253,0.9254644180508651,0.9553970532393106,0.995941241659734,1.0657788666541859
2023-05-29,0.9119469237334519,0.9337933475094602,0.9644171127160933,1.0062252735494683,1.076171009414668
2023-05-30,0.9094918478541768,0.9310371012848019,0.9641705898280429,1.006354622963939,1.072464600211106
2023-05-31,0.9143961567982845,0.9360570795228473,0.9701432131768764,1.0124632504295727,1.0787879810717722
2023-06-01,0.9107963634509021,0.9351024106043035,0.9682920662764493,1.0061253013626337,1.0784739638628769
2023-06-02,0.9166784591701169,0.9422679243420531,0.9745617527168022,1.009130454481964,1.0819904544469847
2023-06-05,0.9238744709384149,0.9517205621678516,0.9789572037003302,1.0211202524352678,1.092307977489788
2023-06-06,0.9227920538050326,0.9501115492447988,0.9764067769144229,1.01973142384595,1.0879556852990904
2023-06-07,0.9311725144204187,0.9594763477027987,0.9831863675078234,1.0267685984310404,1.0886283333646174
2023-06-08,0.9257560664285824,0.957006204638428,0.9791794184316804,1.0186689015425614,1.0797426334201385
2023-06-09,0.9296752914864497,0.9641572919096953,0.9873151091846429,1.025055067436328,1.0912395686815501
2023-06-12,0.9232499346800037,0.9569626239657006,0.9807622199090547,1.022669228328028,1.0845239462702132
2023-06-13,0.9264767640188261,0.9638864558555419,0.9879222563432616,1.0306870351342492,1.0865814909618965
2023-06-14,0.9282936731030403,0.9659774614015337,0.989231344558011,1.034827053317606,1.0889749424620756
2023-06-15,0.9326949064453481,0.970035089697854,0.9931154497130497,1.035181800265021,1.098127185559807
2023-06-16,0.9355045859717306,0.9706565304286348,0.9944541368460573,1.0343867874900707,1.0988095387766714
2023-06-19,0.9375284542814568,0.9728102031610769,0.9945556461532635,1.0375277605042528,1.103738096632282
2023-06-20,0.9428823032274015,0.9693307323609497,0.9958621789555964,1.0435827663607862,1.0978588871848811
2023-06-21,0.9486416698971044,0.9730726705951542,1.002624237492181,1.0505253650741768,1.101531499189664
2023-06-26,0.9421906364110441,0.967945606346895,0.9999168085839525,1.0426299227857654,1.0943772531694707
2023-06-27,0.9289267191432218,0.9604891620979152,0.9905131225686924,1.033783919576507,1.0794628484802664
2023-06-28,0.934054646964876,0.9649534592684954,0.9920577605573384,1.0385504120657407,1.08749553552601
2023-06-29,0.9369674868885652,0.9712945495124743,0.9983507663636424,1.0489345154513916,1.0918075659551405
2023-06-30,0.9403248935011973,0.9747984478166732,1.004473940043757,1.053079679977258,1.0946029715879113
2023-07-03,0.94416300469059,0.9757376030723931,1.0066155301061082,1.0585579194000536,1.1005050608580298
2023-07-04,0.9483265662938679,0.97884012531952,1.0065202161763303,1.0641971110803146,1.1017241447635973
2023-07-05,0.9473582410825033,0.9743044848364006,1.0102773762704547,1.060370877197002,1.1036754632002985
2023-07-06,0.9425650842616551,0.9645873429162859,1.0003999226617923,1.0508540462274851,1.0962606589155417
2023-07-07,0.9408986510468357,0.9617941223221664,0.9940770199233795,1.042761483519831,1.0893737586862517
2023-07-10,0.9444300886566291,0.9573575485612789,0.9935855540368509,1.0491611698802163,1.0859664552868185
2023-07-11,0.9459410875585057,0.9604611975992193,0.9931887778811054,1.0526506941635212,1.0905007028551377
2023-07-12,0.9352456695217003,0.952380839180005,0.9844329613036271,1.0511449309328582,1.0851624946976601
2023-07-13,0.9295919071333001,0.9496903307736997,0.9889333504792914,1.050622241377622,1.0812275562509008
2023-07-14,0.9356825272089861,0.960547355820456,0.9950026103478646,1.066829412080269,1.0975337811115031
2023-07-17,0.9398108100109055,0.9697096037913701,1.0055103026824916,1.077922284361588,1.111454846569804
2023-07-18,0.9269755863576432,0.9590941494174139,0.9996806869144872,1.0679499295398243,1.1027491175606479
2023-07-19,0.9191656545198639,0.9522764609531251,0.9938567014624057,1.0639236234379188,1.0957541095461714
2023-07-20,0.9293018612008372,0.957697544167528,1.0006024711235264,1.0713000756539066,1.108730803588833
2023-07-21,0.9284841936211784,0.956694757192443,1.0020744986123737,1.067429308876653,1.1125751480786203
2023-07-24,0.9222323653528558,0.9458739918955237,0.9951144999633963,1.06194979483017,1.0975330221045518
2023-07-25,0.9286162910777188,0.9540042419282005,1.0041796957672162,1.0668582075224302,1.1077147461254808
2023-07-26,0.9308086751788983,0.9509529107168949,0.9994587798409166,1.0615223638632152,1.1042474933569144
2023-07-27,0.9377093734907888,0.9638251180233046,1.0097987279555796,1.0734371945520773,1.1118672082061452
2023-07-28,0.935771187559804,0.9687216270660578,1.0062750690972622,1.0746507119497695,1.1276564311367243
2023-07-31,0.926256509300506,0.9632283677995778,1.0035314802903479,1.0696989037853561,1.1171301868029253
2023-08-01,0.9219094788045958,0.9589599342274256,1.0010789950761576,1.0646672257446734,1.105127725888026
2023-08-02,0.9069297243122088,0.9457647904940418,0.9905359694591738,1.0501565090225318,1.100201390284591
2023-08-04,0.9080944024560548,0.9485249130418542,0.996257375432606,1.0552577779833736,1.1037992298142505
2023-08-07,0.9188845116364526,0.9571765602856211,0.9998332355941474,1.059069725430111,1.1015310183561273
2023-08-08,0.9175779705828698,0.9554272363190455,0.9909216954078384,1.0524282389248183,1.0933586297571645
2023-08-09,0.9108155470487193,0.9498215713825517,0.98808258538369,1.0465704540999925,1.0917183953139071
2023-08-10,0.88752790760706,0.9333571741324108,0.9732158697802141,1.0253038609445664,1.0716355239478486
2023-08-11,0.8868438335317825,0.9348326300944216,0.9752971618709899,1.026045601449576,1.068445122190709
2023-08-14,0.8718172509404634,0.9187500556668369,0.9590506872382765,1.0052998656136656,1.0423951334383066
2023-08-15,0.8810449254031092,0.9265215946693753,0.9721096410974697,1.0156930236380028,1.0534225175912015
2023-08-16,0.8797732607779785,0.9223939779168915,0.9766560774355557,1.0139938779265802,1.0525836106236321
2023-08-17,0.8908934776279871,0.9330955708655926,0.9883114345539847,1.028124696389802,1.0650933927895208
2023-08-18,0.8837913375194537,0.9271646490302579,0.9837844004105198,1.0208022619756476,1.0615599427497318
2023-08-21,0.8893362554025519,0.9258166238874692,0.985631648008832,1.0239828483139524,1.0607787009486422
2023-08-22,0.8873570307333285,0.9183232381385132,0.9797138948142233,1.019709967582079,1.0589206441185697
2023-08-23,0.8971277113638977,0.9247424505477646,0.9837621447707976,1.0298444861798635,1.0620148396067164
2023-08-24,0.8971622687234915,0.9258881225507289,0.980060553165674,1.028367548795813,1.0671660291035643
2023-08-25,0.8957807092962233,0.9254558615636745,0.979567810714122,1.031408663989045,1.0654705412290018
2023-08-28,0.8893153953402002,0.9207214901850003,0.9746302590039038,1.0205834120946653,1.0575817336931883
2023-08-29,0.8917394391054506,0.9282733649965085,0.9801790304994663,1.0284244761252328,1.0675895580934929
2023-08-30,0.8960704170170722,0.9338982973152473,0.9856533813115682,1.039467605298368,1.077285511644244
2023-08-31,0.8999319462532004,0.9396011708336407,0.9905904787418156,1.0436554396364375,1.082022135478948
2023-09-01,0.8978276829428115,0.9398446491647772,0.9934639618845036,1.0427140732577966,1.079326213802362
2023-09-04,0.9012634173485088,0.9414933428148125,1.0007160549963698,1.045383100135759,1.0840663297563693
2023-09-05,0.9036717246636021,0.9480339798836614,1.0038013347982604,1.0495219568223961,1.092649547453916
2023-09-06,0.8993119034417631,0.9440831142282804,1.0047445328675901,1.04742826952342,1.0988262186450866
2023-09-07,0.8938504919033785,0.9394790245556314,1.00329854368219,1.0410228457542106,1.099564282259427
2023-09-08,0.8942552220175544,0.9382988511549718,1.001276482167562,1.0431761945651203,1.0957769781417808
2023-09-11,0.8864252252203502,0.9280269825904014,0.9942531693123495,1.0315666493541933,1.0786776361113461
2023-09-12,0.8878903278275493,0.9317144014574426,0.9971266180475674,1.0358050281729207,1.0825112571668996
2023-09-13,0.895655187456228,0.9412618827725863,1.0040605332413888,1.042167338002646,1.0893680453180623
2023-09-14,0.9029445513156511,0.951691508402471,1.016352626284703,1.0541938700676983,1.101822177036556
2023-09-15,0.900413137764376,0.9514001956421921,1.0144906121763206,1.0539786543060765,1.1023937875323817
2023-09-18,0.903597471908886,0.9515576682680288,1.013879933433163,1.055155556186436,1.1035302656887522
2023-09-19,0.9033153986949352,0.9459947125592305,1.0098066712170892,1.048299221521833,1.1006641558514012
2023-09-20,0.8998347855352097,0.9408610796655057,1.0047905506252337,1.0423921662720788,1.0938245089526242
2023-09-21,0.8877543194111225,0.9289113589781418,0.9946475532912287,1.0322193020628228,1.082439128599375
2023-09-22,0.8905883567441419,0.9322985759046483,0.9998880148558078,1.0385845383883283,1.0864740968565838
2023-09-25,0.8962134052174286,0.9404057328886478,1.008741800908954,1.0413510694769428,1.089414213561052
2023-09-26,0.8942824611971757,0.9328739973931519,1.0003029763861746,1.0323351502329239,1.0841150904211376
2023-09-27,0.8903866544006103,0.9324206285250132,1.0000582310074404,1.0304709160991816,1.0876271124845516
2023-09-28,0.8947083791387493,0.9368375998075645,1.0049715810391338,1.0367090441097033,1.095716546279513
2023-10-02,0.9011707618455432,0.942684723768755,1.0094063076489639,1.0381483433043084,1.0960209024045335
2023-10-03,0.9009056678680204,0.9395875714050251,1.0031376727738737,1.032510446767215,1.0922318039613328
2023-10-04,0.8943775330342932,0.9347360187127968,0.9959832951222077,1.0266116418655964,1.081751928529644
2023-10-05,0.8996590386103429,0.9399548454252268,1.004235462348122,1.035599622024318,1.088741103715521
2023-10-06,0.9010234061593928,0.946672962542262,1.0024595659694335,1.03704962971705,1.0903322484270528
2023-10-11,0.8850135542303544,0.9358900854971017,0.9897030840360204,1.0297765204069038,1.0773930857389689
2023-10-12,0.895365210769021,0.9460272408413197,0.9992961901600248,1.040372400876143,1.0955868515042329
2023-10-13,0.8891680317221582,0.9398327921810586,0.9923447131671428,1.037905313777041,1.0919350955504212
2023-10-16,0.8841704828320476,0.9329358070322146,0.9873563179168694,1.0279318040977956,1.0830205670677713
2023-10-17,0.8800292130166434,0.927333809232611,0.9839924009827687,1.0215236885338232,1.0748541542370644
2023-10-18,0.8680984380761332,0.9154947258172541,0.9740698022124039,1.0078517302887375,1.066168879028771
2023-10-19,0.8705485527690965,0.9161307690994264,0.9803048168463386,1.0092528720998153,1.0734432224050998
2023-10-20,0.8655175903575587,0.9111125039183995,0.9745620949034206,1.0020418145157484,1.0628718320800614
2023-10-23,0.8675746556047665,0.9154139328577331,0.9772955954915659,1.001937560131601,1.0569612114750686
2023-10-24,0.8748675211058996,0.9224392331522077,0.986461884880501,1.0114772111935189,1.066575151785523
2023-10-25,0.8812003679127854,0.9256173734376576,0.9939250991162873,1.0150526686491022,1.070958245893049
2023-10-26,0.8683116662128161,0.9126578049033485,0.9839591863690986,1.0064706542937607,1.0580319116956405
2023-10-27,0.8706504620450661,0.9149739513387228,0.9867894887510709,1.0137407493943442,1.065231089772203
2023-10-30,0.8755610094079889,0.9165892133556235,0.9932565177303754,1.0173569911416063,1.0651040314997429
2023-10-31,0.868093835914424,0.9025080108790225,0.979863096073091,1.0030663606677532,1.0523237851542684
2023-11-01,0.8626714842385943,0.900460793665421,0.9758778916882658,1.0005458827149691,1.0466185333249138
2023-11-02,0.8707659197613697,0.9091995242726483,0.9877273691114096,1.0134623421953282,1.061222280768864
2023-11-03,0.8735930951038156,0.9137018696494861,0.9930395991759964,1.0185484194977343,1.0618168324307449
2023-11-06,0.883277475519834,0.9237532824332304,1.0033206422157523,1.0346459667483656,1.0734635451689727
2023-11-07,0.8855816132088099,0.9262632483273012,1.0032917836795132,1.0362522887364578,1.0815910332199616
2023-11-08,0.8815567386012784,0.9260319590617828,1.004788777564552,1.0328090820098685,1.086300574360808
2023-11-09,0.8799045993112599,0.9206467562855303,1.0005316558700896,1.0318156975557355,1.0774819892603247
2023-11-10,0.8744375921821178,0.9191736243345848,0.9953805309960152,1.0256938018923023,1.0692737252369275
2023-11-13,0.8781498506671088,0.9235386464724467,0.9964274036785559,1.0316819662702783,1.072943879371151
2023-11-14,0.8835214725056678,0.9250911637232253,1.000707472998832,1.0352369889168207,1.0736061878325778
2023-11-15,0.891335858792805,0.935750923407394,1.0073923577404496,1.044353421867261,1.0796945948949384
2023-11-16,0.8924705366131535,0.9428966827813283,1.0158250736696204,1.0546525225712542,1.0944028968589887
2023-11-17,0.8973856236776089,0.9494811219107127,1.0252958791427746,1.062639381961062,1.101963226071135
2023-11-20,0.8986414097915897,0.9503658851297391,1.0315724596802642,1.0692778468465767,1.1045363765064815
2023-11-21,0.9007826992747656,0.9546083721486125,1.037335740438218,1.0766949522698352,1.1078689020582164
2023-11-22,0.9032376474388719,0.9607769050603061,1.0398712234527698,1.0865369794330646,1.1136565973638672
2023-11-23,0.9042438229789612,0.9657637828669231,1.0417002593509526,1.0967842476762686,1.1145679277890324
2023-11-24,0.906199500876238,0.9661620540776548,1.0395649730533205,1.0973664971359418,1.1147870973288618
2023-11-27,0.9009997494261095,0.9583301055332862,1.0326264195043482,1.0967962845883603,1.1131429101910786
2023-11-28,0.911545816026668,0.9724653794494906,1.04436628531296,1.1070960605531626,1.1253404337070523
2023-11-29,0.9124646644667793,0.9744313066191181,1.0450797547372235,1.1078371572240249,1.1275199587615636
2023-11-30,0.9156394281130493,0.9752434175574771,1.0480868230903098,1.1137507132408528,1.1353986001637146
2023-12-01,0.9161532181250799,0.9738168211782867,1.0512566622768924,1.1110875952549257,1.1326610006564504
2023-12-04,0.9216981266182469,0.97422318931232,1.053173825207729,1.1132193179119927,1.1384839293731441
2023-12-05,0.9249206961007846,0.9707517915289343,1.0498001743592642,1.1128735345975722,1.1365481411056377
2023-12-06,0.9337770066621386,0.9762707370848707,1.0544706935951629,1.113510149496729,1.1410780422719786
2023-12-07,0.927354367485022,0.9721969544424094,1.0508368060878497,1.107552906515191,1.1356069967987104
2023-12-08,0.938103353270342,0.9746753699195877,1.0550444684447324,1.1127530528665024,1.1434956787366477
2023-12-11,0.940254508970468,0.9747473984436783,1.05171194832224,1.1116073787085035,1.1412377407452108
2023-12-12,0.9365575748786591,0.9759495986207617,1.0495651324139006,1.1133426595767084,1.139669779256422
2023-12-13,0.9340902946261832,0.9771202015301581,1.0541930206098071,1.1135115682256826,1.1426145256372364
2023-12-14,0.9346932739168532,0.9799418527986167,1.0546907860395331,1.114140815886985,1.147142630171051
2023-12-15,0.9351739673264859,0.9788509598246353,1.0574740797384505,1.1193941666932918,1.149048757350882
2023-12-18,0.9347089969530465,0.9753945561423719,1.055820159015966,1.1173849988768056,1.1503229957168373
2023-12-19,0.9330446478354183,0.9694441372325537,1.0521675020905326,1.1101739407668028,1.1473455642106978
2023-12-20,0.9405403234883183,0.9798147310169997,1.0617603931486301,1.1219874019191878,1.1514938022505412
2023-12-21,0.9369621750134453,0.9777808216238502,1.056027686942103,1.1177784147593157,1.1508834303750475
2023-12-22,0.93017926812616,0.9781990729546934,1.055214670184367,1.1180483588062413,1.1545754790378486
2023-12-25,0.9316277129089149,0.9799539021633976,1.055185727017832,1.1162442831249866,1.1524860774287944
2023-12-26,0.9417176370889129,0.9840794075707789,1.0639443582820305,1.1267856625987582,1.1634846043414568
2023-12-27,0.9446723697722837,0.9869562507170947,1.0675921082889495,1.1317874216985118,1.163952382009818
2023-12-28,0.9405022818564164,0.9853898098793816,1.0647208929372145,1.1314897446090733,1.1628071191239069
2023-12-29,0.9401811425042257,0.9880253037069786,1.066053187119619,1.1338627259734073,1.164487667980401
2024-01-02,0.9302669973767892,0.9840250573663993,1.062049257296178,1.1276611201519742,1.1587161601430316
2024-01-03,0.9287886945157869,0.9769239323188663,1.0539313971447704,1.1207564407375445,1.145806347832542
2024-01-04,0.923560673812779,0.9744016951635313,1.0496206063362548,1.1188552397737603,1.1437678586866296
2024-01-05,0.9216536814571903,0.9745151674834077,1.0503663607836613,1.1205641407530407,1.1472859609545885
2024-01-08,0.9205538070474922,0.9739883423437922,1.047387793852241,1.121938960855677,1.1431530768700369
2024-01-09,0.9167119875557452,0.9676620348165262,1.0409637039850037,1.109552009850495,1.143748689990233
2024-01-10,0.9154053129839749,0.9578597488131483,1.0378677456760341,1.099564258373826,1.138987040087712
2024-01-11,0.9238883187996239,0.9661655707270352,1.0460293908387737,1.1070981801139392,1.147840146630238
2024-01-12,0.9186302910059344,0.9613833966978116,1.0432427400526496,1.1053125974565987,1.141734252564224
2024-01-15,0.9233803726815366,0.9682687528141244,1.0493592749372853,1.1146214905250966,1.1486178511878524
2024-01-16,0.9177811358378274,0.9596059717795409,1.039198633722413,1.1008057611870443,1.1384778763426202
2024-01-17,0.9106906041983727,0.9450762881166969,1.025824131805531,1.0899413496586683,1.1234992738224174
2024-01-18,0.9095776597639187,0.9476170724969246,1.0240688765976547,1.0865627951692367,1.1243019057153945
2024-01-19,0.9096028084852448,0.9517599462409797,1.0319462247605569,1.0940004918614865,1.13552151074628
2024-01-22,0.9185219521570646,0.9595943032614616,1.040014951491349,1.1044793838116578,1.1497949741653755
2024-01-23,0.9228105709607791,0.9637270740198907,1.0449349548785751,1.108257927189412,1.15338706757714
2024-01-24,0.9229582393664134,0.9670103092996061,1.05468073290069,1.1116838822280368,1.1620413204193374
2024-01-25,0.9179790658292656,0.9663584833647508,1.0486613231747477,1.1070185266212522,1.1537890027618989
2024-01-26,0.9164497825774529,0.9687688968357454,1.0483537357734458,1.1049360356178077,1.1512373275930805
2024-01-29,0.9218431219414728,0.9728099819679292,1.0563465719649963,1.1105603692217072,1.1572724645580514
2024-01-30,0.9254068375747787,0.971251604593992,1.0523256989904168,1.1068529957461632,1.1552710438060059
2024-01-31,0.9214756302409658,0.9752566551095461,1.055921836594413,1.1030146947373791,1.1516830231045925
2024-02-01,0.9170382425337674,0.971352404716728,1.054305467605865,1.1031344316638731,1.147510531867537
2024-02-02,0.9169467747256969,0.9732984366013534,1.0532935488837674,1.103357024558084,1.1431385179780185
2024-02-05,0.9136042480333214,0.9664701786599939,1.0477260021880408,1.097843262244257,1.1406806527111724
2024-02-15,0.9112661414601579,0.9750803331060897,1.0513660392151816,1.106842286899719,1.156258401079428
2024-02-16,0.9256660712110559,0.990428077972296,1.0695096667716175,1.123183934847011,1.174042837634898
2024-02-19,0.9358708772059399,1.0054115786182614,1.0841382835028273,1.1422376194767765,1.1873293810221948
2024-02-20,0.9353698909488009,1.003025151260329,1.0833459330855044,1.1429882444965616,1.187471463172061
2024-02-21,0.9407512745607187,1.0112852120552982,1.0867408023510383,1.1528433298931167,1.2009329019698003
2024-02-22,0.9375174381930169,1.0135764241374163,1.0886748126764052,1.1567228856156242,1.2021392936093342
2024-02-23,0.9340205493001141,1.0083875592810343,1.0863831229783325,1.1565466757797078,1.2055607113708555
2024-02-26,0.9443570890847276,1.0196620101336864,1.0964497128204505,1.1602183270953763,1.2150495043319125
2024-02-27,0.9365338919232822,1.014931398315706,1.0890517544154437,1.1527515445157568,1.2033075554191999
2024-02-29,0.9406118678844583,1.027727459859217,1.097824917871264,1.169351506155095,1.2155373984528905
2024-03-01,0.9390105978727329,1.0259241421914718,1.0918329572979935,1.160121196685771,1.2047273177304056
2024-03-04,0.9417892968524192,1.0297696791987256,1.102036756646334,1.1688209973918195,1.2119493232626866
2024-03-05,0.9478292838540039,1.0300167847299977,1.1009345812796398,1.1735520723010533,1.2125137614677977
2024-03-06,0.954710905550193,1.03969783502418,1.1066270012706823,1.1792522466044268,1.219021769906549
2024-03-07,0.941901306367627,1.0329702663608837,1.0943675488223121,1.1643908552242863,1.2089346714246103
2024-03-08,0.9281552264782456,1.0127553728916887,1.0754729081460592,1.1529988891287752,1.1885057634734386
2024-03-11,0.9308433458217114,1.0209181924029247,1.079217496678234,1.158594856214876,1.197918662611873
2024-03-12,0.939878513978069,1.0315715624159822,1.094663249142076,1.1656230049691385,1.2138298126253424
2024-03-13,0.9279496178233233,1.0180543986984003,1.0816367762444856,1.153605839064961,1.2050342835930337
2024-03-14,0.9301569616703956,1.0146383703855133,1.08574672160122,1.1528481308963106,1.2009093128449262
2024-03-15,0.9291195844945123,1.0120207046946352,1.0774391557374718,1.1441654022317336,1.2008423937586645
2024-03-18,0.9338978254090438,1.0199055512196624,1.083548454848577,1.1551978768661566,1.2084440913277208
2024-03-19,0.9325160745272418,1.0202184055023054,1.0868258603542347,1.1636719899973398,1.2021646107965689
2024-03-20,0.9324610179169355,1.0177543074286104,1.0813215266296923,1.1636667860295231,1.204943772472927
2024-03-21,0.9414893794503533,1.0265180015606163,1.0964004344503429,1.168051777064978,1.2123907251471528
2024-03-22,0.9455709678839186,1.0279506349896663,1.1028928358681216,1.175814864848549,1.2147984224818895
2024-03-25,0.943518053516378,1.036369786366805,1.110361354331109,1.178071663971656,1.2199501756196902
2024-03-26,0.9359972427350439,1.0238851447070505,1.0984876517951898,1.1628460444167694,1.2093266632515094
2024-03-27,0.9490890751440029,1.0338344993856963,1.1059537751501671,1.1721738248137623,1.212385236472448
2024-03-28,0.9408560119198996,1.033550781110271,1.1056926879458966,1.1647299863181328,1.214341209207131
2024-03-29,0.9380891363840953,1.0328487743031927,1.1062912898843487,1.1664655653250358,1.217142933698867
2024-04-01,0.9381870110719734,1.0330302929726038,1.116351988211077,1.163851614329406,1.219811208096302
2024-04-02,0.9379736177774503,1.0336534886359678,1.1166784062085242,1.1628546898982455,1.2186153069439032
2024-04-03,0.9365390488437696,1.0259943229214243,1.1093790997782813,1.161065129489004,1.2139317034155284
2024-04-08,0.9415548055448125,1.024679377259942,1.1167050017783924,1.1788624177515636,1.2217370768711104
2024-04-09,0.9459425382372232,1.0270182382123765,1.1196647785541622,1.1869619482270728,1.2310759445039634
2024-04-10,0.9542504149244437,1.03469728086057,1.1211083350879405,1.191306959836882,1.229594776616603
2024-04-11,0.9535500161087614,1.0345042331833507,1.1098289101951573,1.1928991657372754,1.2282801064287527
2024-04-12,0.9564696849961937,1.032488352413918,1.1161556827695267,1.2041676223829438,1.2353433007111805
2024-04-15,0.9511472355388925,1.025947765849577,1.1062723734019841,1.1896925629404445,1.2277609438464148
2024-04-16,0.927791001482677,1.0002442842047927,1.077949595120371,1.1547072169948758,1.1946772796461236
2024-04-17,0.9448355597989349,1.0183433843857732,1.1056013620472496,1.1795997345365528,1.2164294836221994
2024-04-18,0.952433694594524,1.0259226312142045,1.1105971438407922,1.1866090285848783,1.2173317220696396
2024-04-19,0.9348511884899653,1.0119956315807535,1.093094394895491,1.160536189387533,1.18784454956987
2024-04-22,0.9332880336294639,1.0071574660295912,1.0811959333313794,1.1566660987478716,1.1894907385401565
2024-04-23,0.9385881646760582,1.0191142521039738,1.0862681732164017,1.1605066505151374,1.2032994088074978
2024-04-24,0.9542691309228591,1.033272862439421,1.103920882157916,1.174853738950616,1.2196718453332103
2024-04-25,0.9569717167226781,1.0327645892837378,1.1016972652562256,1.1686095794487616,1.2229190742131562
2024-04-26,0.9629276997778737,1.0405851549621363,1.113298880608482,1.1763822085672755,1.2328604516108643
2024-04-29,0.9805182473929361,1.0488488182992484,1.130028801638284,1.1921767231226008,1.2517136464752885
2024-04-30,0.9774449746757959,1.0514607465823869,1.1397344075305682,1.190809016811669,1.2539671238398398
2024-05-02,0.9811123265895902,1.0493816068450539,1.131824942878134,1.1929002362033052,1.253990795003904
2024-05-03,0.9731018347313839,1.04625704263954,1.1319645263207363,1.1928789214081825,1.2535889666383269
2024-05-06,0.9756575327701837,1.0478935621771732,1.1418419854477067,1.1971301113232196,1.2646380179429362
2024-05-07,0.9822354337672048,1.03955349868616,1.1413202211368072,1.1962721794651063,1.2629686617241365
2024-05-08,0.9806221795096252,1.038917126011461,1.143664459372348,1.194304143632404,1.2638283795866248
2024-05-09,0.9709318037712593,1.0310233574741565,1.1382454514091065,1.1873247971415979,1.252237331963482
2024-05-10,0.9812305226885297,1.0321537767047917,1.1423143967227434,1.1940098516184399,1.2525571548396095
2024-05-13,0.9824487749346882,1.0322329889720059,1.1466577411049115,1.1937813956143997,1.2556434014004108
2024-05-14,0.9869515851402857,1.036732277752141,1.145209959725459,1.1972854299724427,1.258029108595525
2024-05-15,0.9889398502705468,1.0391884398081508,1.1551080342563762,1.199506114850805,1.2627525526789438
2024-05-16,0.9990485758612817,1.0529590087481433,1.1654234942110218,1.2147275968430682,1.282143596045697
2024-05-17,1.0074431886519488,1.0611656322987149,1.1690353455571807,1.2165597919925115,1.2866217353559686
2024-05-20,1.0081995005946298,1.0599311261803037,1.1700077539779739,1.2180461252304746,1.2881280413692202
2024-05-21,0.9983982110619075,1.0699050322346164,1.1718010671659371,1.214453088806075,1.2819494702477976
2024-05-22,1.003902613891527,1.0779504606624246,1.184605395147353,1.2210974023344652,1.290590741511617
2024-05-23,0.9934188029856471,1.0628845841552572,1.166423473919421,1.2044472306308764,1.276996892954501
2024-05-24,0.9958816454124589,1.0764387294171618,1.1773490845096268,1.2112616027417824,1.2816272158901334
2024-05-27,1.0058233386805202,1.0886257055679587,1.1894697362138895,1.2216932744201312,1.2927726804105282
2024-05-28,1.01553251405088,1.1046350094023532,1.2034640978429008,1.2336580999159188,1.3036991794120663
2024-05-29,1.0189414075025869,1.108152490317188,1.2104347322682294,1.2388701345710695,1.3106209543133547
2024-05-30,1.014030775756842,1.0909647733338173,1.1984012747000694,1.2281413499805347,1.2982859963228233
2024-05-31,1.0184633804301797,1.1013630968997163,1.200259785224338,1.2320534508704648,1.316005560721137
2024-06-03,1.0185163948447473,1.1036997109454445,1.1986968434768557,1.2329760442015654,1.317151958821523
2024-06-04,1.0110618850738595,1.0981485567599112,1.1892967072918323,1.2297792351097248,1.3139947591055747
2024-06-05,1.0054785509663802,1.0996581521444462,1.1881730266899528,1.2254433536755829,1.3165153279723691
2024-06-06,1.0079027050158629,1.0937171102348524,1.1805367367498647,1.2188926719561322,1.3081820840579477
2024-06-07,1.0183321394818023,1.1054215103658886,1.192393535973323,1.2350790547817447,1.3221738039642534
2024-06-11,0.9985022837078769,1.0866123031398693,1.1820434532914863,1.2245251067677385,1.3094912903444897
2024-06-12,0.9958376365775725,1.08842637222457,1.1807788232853922,1.224768448249525,1.2981119302746702
2024-06-13,1.002231844288985,1.0933799637050992,1.1840632871171857,1.2321882587264428,1.2981716002579895
2024-06-14,1.0150808040826624,1.1006417048019725,1.193776476519541,1.246803893720065,1.3060979403525321
2024-06-17,1.017737331017423,1.1056928360475125,1.2015798587874764,1.2529262672048658,1.30087609583217
2024-06-18,1.020606225744393,1.1031916655993723,1.1995692484511538,1.2487308875780654,1.2971325328729362
2024-06-19,1.014189706291571,1.095951097679254,1.1997369090275687,1.2442917091293735,1.291885814539782
2024-06-20,1.0273682907115615,1.1081846965883095,1.2140918082073355,1.2577466617359718,1.3069513286443835
2024-06-21,1.0275052778727192,1.1151354909338178,1.2174835323749313,1.2562859830490263,1.3118549664849095
2024-06-24,1.0330968281052522,1.1034477576529154,1.2070398361680452,1.248741298910683,1.3036185179479927
2024-06-25,1.0354278398542376,1.1046902417756217,1.2152081099888359,1.2487993904929728,1.303847141622293
2024-06-26,1.0362340470660971,1.1079008297439825,1.2179051743022926,1.2569397283514552,1.309122680009451
2024-06-27,1.040027344337072,1.1092776204509835,1.2066107587911905,1.2501362140620027,1.3016594064662197
2024-06-28,1.0486500513799455,1.1171562979457375,1.2177733869992682,1.25604249433629,1.3062210453985608
2024-07-01,1.0468188751692162,1.1161480242765451,1.2083126072658819,1.2552262923758617,1.3012369342608034
2024-07-02,1.0472098112340344,1.1139059511536953,1.2100719410625216,1.2599052613999984,1.2960701483277397
2024-07-03,1.0605852371142972,1.126473818148673,1.2178749560625297,1.2679993983005406,1.3067359925614406
2024-07-04,1.066334325007633,1.130902896786425,1.2302405057221302,1.2760886588997276,1.3210271127995088
2024-07-05,1.0789987988145646,1.1479832197849242,1.2431676241843521,1.2923605883550833,1.3423281845920754
2024-07-08,1.0733334161768118,1.1457731605485653,1.2349550163736194,1.288478996468654,1.3417298137071871
2024-07-09,1.0620313720532,1.1329129972484482,1.224672420747441,1.271674544417288,1.324809107312092
2024-07-10,1.0706681287654085,1.1397937476091569,1.2313977086497339,1.2861462557944254,1.3438286086152982
2024-07-11,1.0787350292323767,1.1420375562766065,1.2351601255772042,1.2824583062153814,1.3522828968744252
2024-07-12,1.079842361854526,1.1406419867809545,1.2335366929571718,1.2840017279365052,1.3549434788312356
2024-07-15,1.0813252896557097,1.141579338789286,1.2343828466589248,1.287885435052648,1.3589743736269662
2024-07-16,1.0877832742222484,1.1465384628781552,1.2359849242421388,1.293529169857056,1.3635894425193635
2024-07-17,1.0989507378813275,1.1509223590838897,1.2397661939907154,1.300982808320375,1.3692832662927554
2024-07-18,1.0919569664292534,1.145601548150267,1.2322681321171733,1.2926750697893294,1.3578505714506361
2024-07-19,1.0703599959311951,1.1243514343905319,1.2129199242093573,1.2732180967195856,1.3302653051352284
2024-07-22,1.047009550094939,1.1041346281061106,1.1908158363440808,1.2457834359507627,1.297664762778353
2024-07-23,1.0575515283255312,1.11103453027482,1.2019219882677974,1.2587428967475658,1.3049543912399788
2024-07-26,1.0457835117777672,1.1001798063017318,1.1858965292132715,1.240059270260844,1.2920566998164125
2024-07-29,1.0387481884311385,1.085913906011917,1.1738620449072883,1.226582002597068,1.2746427513580634
2024-07-30,1.0441146655511169,1.094558504775938,1.186371918058605,1.2417056572604916,1.289315385521187
2024-07-31,1.0461905064810069,1.095862123172569,1.186761360966317,1.2429795899302105,1.292448327331786
2024-08-01,1.0640459076365667,1.112862612384522,1.200173258988106,1.2618781463335336,1.3045442014998603
2024-08-02,1.0350869457399783,1.0858645600000831,1.1679376069090506,1.226958918009116,1.2745087599779492
2024-08-05,0.9498997649845105,0.9969342049047898,1.072979663444058,1.1326610771963193,1.1732099914894336
2024-08-06,0.9343654091537758,0.9829018455296111,1.0607118117296457,1.1188638270533353,1.1489355032911486
2024-08-07,0.9759502172772531,1.0309470175518516,1.112366609310968,1.1763093609560116,1.2090117892270802
2024-08-08,0.9700383855313087,1.0234908022872786,1.0997262371670442,1.1686957210069868,1.197743111908112
2024-08-09,0.9913709979384386,1.043472141811002,1.117090019652856,1.1904234706188315,1.2226027093105707
2024-08-12,1.0118055819557537,1.0566703807906839,1.1331544010032597,1.202713313664972,1.2357538418588405
2024-08-13,1.0155329501417525,1.0639374796767893,1.134259210894748,1.2065678365135108,1.2457182898461479
2024-08-14,1.019058627110362,1.072439716871826,1.1384105126368618,1.2123376796629157,1.2477848363136208
2024-08-15,1.0195335512715893,1.0780279544650155,1.1446075103260336,1.217220615900672,1.2536995053137534
2024-08-16,1.0304449830137925,1.0874653251615003,1.1611665461962546,1.231083918243965,1.2704454009260129
2024-08-19,1.042065716040974,1.0949193783225633,1.1691999492995873,1.242928564899749,1.274625607653263
2024-08-20,1.0463405853926582,1.0929406316010595,1.1677528818256313,1.2387025501782671,1.2800291673488464
2024-08-21,1.047773761421402,1.0901611498806276,1.1714046110605638,1.2375769161776005,1.2810301694662491
2024-08-22,1.0486126907783708,1.0881153585187937,1.1706974913432284,1.2343700943863178,1.280461222147843
2024-08-23,1.0472808494851629,1.0907177843274565,1.1673001707592565,1.243753438930217,1.281482430153742
2024-08-26,1.0514360260585696,1.0957483188160126,1.165264288018557,1.2439735876246008,1.283544978346419
2024-08-27,1.0482436100363097,1.1056033950730606,1.171212065193615,1.2521795634956927,1.283231914254273
2024-08-28,1.04997791389894,1.105607591309861,1.1712275329908768,1.253257475073286,1.2874106026411418
2024-08-29,1.051151952594648,1.1033451845183944,1.1696639486937448,1.2584258071326855,1.2906729111102406
2024-08-30,1.0524463444178451,1.1115184212152676,1.1797276416593747,1.26486607994385,1.2944590696225513
2024-09-02,1.040989221701152,1.0996775089439366,1.1659646219939455,1.2502559481599476,1.2861906698190464
2024-09-03,1.046537607640802,1.0973633346834875,1.1655171476667112,1.2396423138856874,1.2837892422510015
2024-09-04,1.0063811640697597,1.0572796981123378,1.1225749642905418,1.190544490023168,1.2345558257013047
2024-09-05,1.0040562552581376,1.0544842816160804,1.1235517762898952,1.1940123255925463,1.2331514137746808
2024-09-06,1.005146328737949,1.0548712013108856,1.1260523303523748,1.1945327794484772,1.2435167950383432
2024-09-09,1.0008288077726402,1.0526612634074293,1.117317679532821,1.192412162145884,1.2395047674456405
2024-09-10,0.9842268477575199,1.0329973378645738,1.0965511061673787,1.1798327831442272,1.217137758353536
2024-09-11,0.9876460344070774,1.0283128962069155,1.0957555707582085,1.1787929956899512,1.2182037012656242
2024-09-12,0.998523331562901,1.0412531636559406,1.1145641069363657,1.1957898734478418,1.2423274677164355
2024-09-13,1.0095366278268367,1.054359490213566,1.1207677994818952,1.2039936027662608,1.253140397696414
2024-09-16,1.013254254834957,1.0680030368440248,1.1300998283592876,1.2145162898644317,1.264688215264575
2024-09-18,1.0064247069419852,1.0672353173875617,1.125795202133832,1.210992316357611,1.2629027651207656
2024-09-19,1.0210438470311374,1.0801427124767373,1.1414360638029923,1.2252532110497472,1.2768526182760884
2024-09-20,1.015772034315793,1.0781256150894327,1.1393559529165402,1.226003348031304,1.27338263192936
2024-09-23,1.023731412484927,1.0823151397092605,1.1386548497800522,1.2346976300008907,1.2746853736314219
2024-09-24,1.0220131962604135,1.0871608227941367,1.1391315059795448,1.2321428462050712,1.2708130126153958
2024-09-25,1.0293120620840204,1.0958819790204493,1.1548115992847054,1.2422820544527962,1.2836425438802317
2024-09-26,1.026157159701369,1.0910734013411068,1.1528944576688405,1.234899291201609,1.2777534642438424
2024-09-27,1.0361204910994128,1.0934814626651645,1.163444877919399,1.2526848244265625,1.2875770163110276
2024-09-30,1.0335790121099675,1.0896568846114665,1.1625902139386328,1.2471861752193938,1.283799971271761
2024-10-01,1.0241197208025679,1.0790030161516317,1.1536566855786683,1.2425653340148404,1.2791939680761915
2024-10-04,1.0178948259103964,1.06742967275005,1.1415914534184162,1.2312941620247382,1.2675615702971674
2024-10-07,1.0300376809199707,1.0787975391487739,1.1532943745552933,1.243453563029566,1.2896685371167205
2024-10-08,1.0214873409965037,1.071239065956677,1.1389988080231315,1.2361239103745454,1.278315687260648
2024-10-09,1.0103280141774715,1.0568198179644333,1.1235948016544341,1.2224251700746955,1.2639582655892379
2024-10-11,1.0083056731950466,1.0494249446363995,1.1146574961727913,1.2168656399271474,1.2624058001596121
2024-10-14,1.009521278964414,1.056488082999344,1.1203296906860758,1.219968988595024,1.266812247776015
2024-10-15,1.0083771080174464,1.0566129642144606,1.1165709769400782,1.221582501253197,1.270395110241891
2024-10-16,1.014505245176258,1.0612448450694274,1.1248984805553228,1.2267624055057587,1.2655447276988585
2024-10-17,1.0248998076605558,1.068154311317505,1.1302585651484427,1.233558466685646,1.2770859369813654
2024-10-18,1.0168416093473949,1.0548429851051884,1.1229460406414637,1.226701071868503,1.2699854325399398
2024-10-21,1.0239979638201357,1.0632212350834436,1.1319237707107141,1.2405799474373709,1.285242816652362
2024-10-22,1.0307330371526204,1.0631048900031064,1.1319683065409387,1.2444260846542932,1.2875921091380949
2024-10-23,1.028773650496309,1.0694041608131946,1.1312009325613368,1.2446197402723032,1.2884069529915245
2024-10-24,1.0194470687596924,1.059782564221807,1.1172264952614426,1.2302189099362866,1.2806066403765894
2024-10-25,1.0160663029002104,1.0574526306957364,1.1183422476725167,1.2297797926667897,1.2815781552153005
2024-10-28,1.0113967208608763,1.0508754472456898,1.1108929624372137,1.2250639346678207,1.2731544628852753
2024-10-29,1.0002392686853576,1.040517588411842,1.1024037431827498,1.2164907179280282,1.2619291117030498
2024-10-30,0.9959662215250219,1.0355195952292517,1.0990304710768188,1.2107601036183029,1.2578454542601052
2024-11-01,0.9978339693943722,1.038098133431021,1.1077057044196048,1.2123210101216229,1.2589619280818745
2024-11-04,0.9887651413623056,1.03091036295611,1.0996421357440402,1.199712772794584,1.2525475780053505
2024-11-05,0.9925038130378295,1.0375389003775628,1.106729212446257,1.2071319283108064,1.2565679834782637
2024-11-06,0.9950239245708556,1.0433443118913257,1.1101433267383567,1.2164918955939537,1.2614903533591517
2024-11-07,1.0033029953276673,1.0585805838323903,1.1196051730377423,1.2293880652629192,1.2805237801858438
2024-11-08,0.9926412644142111,1.0460992246169416,1.1141814777556611,1.220470328693918,1.2641469078321628
2024-11-11,0.9953373003883701,1.0431183459569064,1.1112199698322158,1.2214275522263924,1.2640835279491667
2024-11-12,0.9878341985875235,1.0325772923020766,1.10020798859694,1.2019627666201704,1.2488005210276916
2024-11-13,0.9827550934060811,1.0333490399601337,1.0983038286345694,1.2011650800802816,1.2493841680013393
2024-11-14,0.9693985974075989,1.0297066305489342,1.0841811137175372,1.1867790224828236,1.229286378543832
2024-11-15,0.9703437593118687,1.0308937191367968,1.0880046574414695,1.1976401442597004,1.2341517225828764
2024-11-18,0.9589827694654325,1.0302422130857416,1.0821219959884258,1.1855506755503025,1.2202245720923603
2024-11-19,0.9720563034102218,1.042335640188206,1.094178506582228,1.2006497943715153,1.2384270562976911
2024-11-20,0.9683641176694264,1.0400716539453985,1.0915378123332502,1.1980740314944291,1.2339416557900615
2024-11-21,0.97373617654164,1.0430756692249057,1.0974262939696202,1.206918548375748,1.2378678459406627
2024-11-22,0.9797181038789077,1.048760586491963,1.105249989578267,1.218478581370014,1.2518203329390067
2024-11-25,0.9874695739696643,1.0571182025374253,1.1163177577604708,1.2347752879540757,1.2760825180384066
2024-11-26,0.9865831842305617,1.0534603512576795,1.1149450464519954,1.2279155884942572,1.2749402228624191
2024-11-27,0.9657529017888414,1.0347885899406597,1.0963352509617763,1.2029866586369033,1.258533488570673
2024-11-28,0.963589238282895,1.0286012259752617,1.0908035465599857,1.1994433009801198,1.245613548502117
2024-11-29,0.9675418446003546,1.0347454374281015,1.0981095052689935,1.208794050770081,1.2508119605610897
2024-12-02,0.9609726600446407,1.0328112781697216,1.0915505531539378,1.2095700769453162,1.2508121725144594
2024-12-03,0.9685984558949698,1.0416290694439079,1.1009844333538767,1.2212522460228348,1.265679842259049
2024-12-04,0.9794008336028049,1.0482682894178084,1.106036159907521,1.2285866816280153,1.2758854941348943
2024-12-05,0.9736053674762951,1.0474249317986062,1.1033950553377143,1.2229619589017229,1.2750617325764104
2024-12-06,0.974009878926986,1.0509484139685,1.1025847175694097,1.2202327604931587,1.2693997197176867
2024-12-09,0.962764566819873,1.0398352104454474,1.0984081414243083,1.2067564801013946,1.2644178778199207
2024-12-10,0.9570538051685686,1.0360924402296479,1.0939969226303454,1.1983803476090171,1.257920343835536
2024-12-11,0.9471586162830308,1.0357711267450516,1.087634360752861,1.1930418969351,1.2549814433709423
2024-12-12,0.9480828632391816,1.0307695485657544,1.0893828225483086,1.1906912991236993,1.2521727942873229
2024-12-13,0.9325391348964698,1.0170818460635398,1.0811729196912667,1.1735410182588435,1.234560072466058
2024-12-16,0.9185482906616993,1.0025528521665983,1.0635868047392703,1.1543384977954703,1.2175380417020838
2024-12-17,0.9237609208840113,1.0082030381311986,1.0735742987964063,1.16000598463346,1.226798245311688
2024-12-18,0.9265801760979204,1.0089130265501565,1.0777232683837026,1.1673849352146477,1.2314463452441247
2024-12-19,0.9218781750870385,1.0050159994688186,1.0707842312119762,1.1590972377268367,1.2275134126005587
2024-12-20,0.9175761534072806,0.9999924889085882,1.0651991686451756,1.1508936305923971,1.2204391781602477
2024-12-23,0.9263675533167415,1.0165745103151194,1.0798796639737385,1.16161200505141,1.2369662124056988
2024-12-24,0.9279444478978062,1.0116096271256572,1.0783217586779237,1.1638914526949993,1.2387292758882684
2024-12-25,0.9338901075093273,1.017766441360041,1.0904207677770494,1.17795840119572,1.2553076594164676
2024-12-26,0.9386346898711855,1.017023396654296,1.0913191479330324,1.1833264351873116,1.2546894182015573
2024-12-27,0.9356216192786783,1.0129351931292012,1.087593146345888,1.1778080177264025,1.2496365737299107
2024-12-30,0.9311654940944992,1.0079632523235977,1.083666907252447,1.169863938876853,1.2409416520049408
2024-12-31,0.9286235184496362,1.0072092946702271,1.083373847580646,1.164470735930552,1.2403376198864005
